-- phpMyAdmin SQL Dump
-- version 4.1.12
-- http://www.phpmyadmin.net
--
-- Host: 127.0.0.1
-- Generation Time: Jul 01, 2014 at 01:14 AM
-- Server version: 5.6.16
-- PHP Version: 5.5.11

SET SQL_MODE = "NO_AUTO_VALUE_ON_ZERO";
SET time_zone = "+00:00";


/*!40101 SET @OLD_CHARACTER_SET_CLIENT=@@CHARACTER_SET_CLIENT */;
/*!40101 SET @OLD_CHARACTER_SET_RESULTS=@@CHARACTER_SET_RESULTS */;
/*!40101 SET @OLD_COLLATION_CONNECTION=@@COLLATION_CONNECTION */;
/*!40101 SET NAMES utf8 */;

--
-- Database: `nutricheck`
--

-- --------------------------------------------------------

--
-- Table structure for table `acos`
--

CREATE TABLE IF NOT EXISTS `acos` (
  `id` int(10) NOT NULL AUTO_INCREMENT,
  `parent_id` int(10) DEFAULT NULL,
  `model` varchar(255) DEFAULT NULL,
  `foreign_key` int(10) DEFAULT NULL,
  `alias` varchar(255) DEFAULT NULL,
  `lft` int(10) DEFAULT NULL,
  `rght` int(10) DEFAULT NULL,
  PRIMARY KEY (`id`)
) ENGINE=InnoDB  DEFAULT CHARSET=utf8 AUTO_INCREMENT=173 ;

--
-- Dumping data for table `acos`
--

INSERT INTO `acos` (`id`, `parent_id`, `model`, `foreign_key`, `alias`, `lft`, `rght`) VALUES
(1, NULL, NULL, NULL, 'controllers', 1, 344),
(2, 1, NULL, NULL, 'AnalysisResults', 2, 13),
(3, 2, NULL, NULL, 'index', 3, 4),
(4, 2, NULL, NULL, 'view', 5, 6),
(5, 2, NULL, NULL, 'add', 7, 8),
(6, 2, NULL, NULL, 'edit', 9, 10),
(7, 2, NULL, NULL, 'delete', 11, 12),
(8, 1, NULL, NULL, 'Answers', 14, 29),
(9, 8, NULL, NULL, 'index', 15, 16),
(10, 8, NULL, NULL, 'view', 17, 18),
(11, 8, NULL, NULL, 'add', 19, 20),
(12, 8, NULL, NULL, 'edit', 21, 22),
(13, 8, NULL, NULL, 'delete', 23, 24),
(14, 8, NULL, NULL, 'report', 25, 26),
(15, 8, NULL, NULL, 'load_date_report', 27, 28),
(16, 1, NULL, NULL, 'BaseNutrients', 30, 41),
(17, 16, NULL, NULL, 'index', 31, 32),
(18, 16, NULL, NULL, 'view', 33, 34),
(19, 16, NULL, NULL, 'add', 35, 36),
(20, 16, NULL, NULL, 'edit', 37, 38),
(21, 16, NULL, NULL, 'delete', 39, 40),
(22, 1, NULL, NULL, 'Choices', 42, 53),
(23, 22, NULL, NULL, 'index', 43, 44),
(24, 22, NULL, NULL, 'view', 45, 46),
(25, 22, NULL, NULL, 'add', 47, 48),
(26, 22, NULL, NULL, 'edit', 49, 50),
(27, 22, NULL, NULL, 'delete', 51, 52),
(28, 1, NULL, NULL, 'Contents', 54, 65),
(29, 28, NULL, NULL, 'index', 55, 56),
(30, 28, NULL, NULL, 'view', 57, 58),
(31, 28, NULL, NULL, 'add', 59, 60),
(32, 28, NULL, NULL, 'edit', 61, 62),
(33, 28, NULL, NULL, 'delete', 63, 64),
(34, 1, NULL, NULL, 'Factors', 66, 77),
(35, 34, NULL, NULL, 'index', 67, 68),
(36, 34, NULL, NULL, 'view', 69, 70),
(37, 34, NULL, NULL, 'add', 71, 72),
(38, 34, NULL, NULL, 'edit', 73, 74),
(39, 34, NULL, NULL, 'delete', 75, 76),
(40, 1, NULL, NULL, 'FactorsQuestions', 78, 95),
(41, 40, NULL, NULL, 'index', 79, 80),
(42, 40, NULL, NULL, 'view', 81, 82),
(43, 40, NULL, NULL, 'add', 83, 84),
(44, 40, NULL, NULL, 'question_add', 85, 86),
(45, 40, NULL, NULL, 'edit', 87, 88),
(46, 40, NULL, NULL, 'question_edit', 89, 90),
(47, 40, NULL, NULL, 'delete', 91, 92),
(48, 40, NULL, NULL, 'nutrient_check', 93, 94),
(49, 1, NULL, NULL, 'Groups', 96, 107),
(50, 49, NULL, NULL, 'index', 97, 98),
(51, 49, NULL, NULL, 'view', 99, 100),
(52, 49, NULL, NULL, 'add', 101, 102),
(53, 49, NULL, NULL, 'edit', 103, 104),
(54, 49, NULL, NULL, 'delete', 105, 106),
(55, 1, NULL, NULL, 'Histories', 108, 119),
(56, 55, NULL, NULL, 'index', 109, 110),
(57, 55, NULL, NULL, 'view', 111, 112),
(58, 55, NULL, NULL, 'add', 113, 114),
(59, 55, NULL, NULL, 'edit', 115, 116),
(60, 55, NULL, NULL, 'delete', 117, 118),
(61, 1, NULL, NULL, 'NutritionalGuides', 120, 131),
(62, 61, NULL, NULL, 'index', 121, 122),
(63, 61, NULL, NULL, 'view', 123, 124),
(64, 61, NULL, NULL, 'add', 125, 126),
(65, 61, NULL, NULL, 'edit', 127, 128),
(66, 61, NULL, NULL, 'delete', 129, 130),
(67, 1, NULL, NULL, 'Pages', 132, 135),
(68, 67, NULL, NULL, 'display', 133, 134),
(69, 1, NULL, NULL, 'PerformedChecks', 136, 147),
(70, 69, NULL, NULL, 'index', 137, 138),
(71, 69, NULL, NULL, 'view', 139, 140),
(72, 69, NULL, NULL, 'add', 141, 142),
(73, 69, NULL, NULL, 'edit', 143, 144),
(74, 69, NULL, NULL, 'delete', 145, 146),
(75, 1, NULL, NULL, 'Prescriptions', 148, 159),
(76, 75, NULL, NULL, 'index', 149, 150),
(77, 75, NULL, NULL, 'view', 151, 152),
(78, 75, NULL, NULL, 'add', 153, 154),
(79, 75, NULL, NULL, 'edit', 155, 156),
(80, 75, NULL, NULL, 'delete', 157, 158),
(81, 1, NULL, NULL, 'Qgroups', 160, 179),
(82, 81, NULL, NULL, 'index', 161, 162),
(83, 81, NULL, NULL, 'view', 163, 164),
(84, 81, NULL, NULL, 'add', 165, 166),
(85, 81, NULL, NULL, 'edit', 167, 168),
(86, 81, NULL, NULL, 'delete', 169, 170),
(87, 81, NULL, NULL, 'save_group_assoc', 171, 172),
(88, 81, NULL, NULL, 'ajax_update', 173, 174),
(89, 81, NULL, NULL, 'ajax_create', 175, 176),
(90, 81, NULL, NULL, 'load_questions', 177, 178),
(91, 1, NULL, NULL, 'Questions', 180, 203),
(92, 91, NULL, NULL, 'index', 181, 182),
(93, 91, NULL, NULL, 'view', 183, 184),
(94, 91, NULL, NULL, 'add', 185, 186),
(95, 91, NULL, NULL, 'edit', 187, 188),
(96, 91, NULL, NULL, 'delete', 189, 190),
(97, 91, NULL, NULL, 'nutrient_check', 191, 192),
(98, 91, NULL, NULL, 'remote_nutrient_check', 193, 194),
(99, 91, NULL, NULL, 'save_remote_nutrient_check', 195, 196),
(100, 91, NULL, NULL, 'qgroup_cart', 197, 198),
(101, 91, NULL, NULL, 'qgroup_cart_remove', 199, 200),
(102, 91, NULL, NULL, 'array_delete', 201, 202),
(103, 1, NULL, NULL, 'TempAnswers', 204, 215),
(104, 103, NULL, NULL, 'index', 205, 206),
(105, 103, NULL, NULL, 'view', 207, 208),
(106, 103, NULL, NULL, 'add', 209, 210),
(107, 103, NULL, NULL, 'edit', 211, 212),
(108, 103, NULL, NULL, 'delete', 213, 214),
(109, 1, NULL, NULL, 'Templates', 216, 227),
(110, 109, NULL, NULL, 'index', 217, 218),
(111, 109, NULL, NULL, 'view', 219, 220),
(112, 109, NULL, NULL, 'add', 221, 222),
(113, 109, NULL, NULL, 'edit', 223, 224),
(114, 109, NULL, NULL, 'delete', 225, 226),
(115, 1, NULL, NULL, 'UserAccessLogs', 228, 239),
(116, 115, NULL, NULL, 'index', 229, 230),
(117, 115, NULL, NULL, 'view', 231, 232),
(118, 115, NULL, NULL, 'add', 233, 234),
(119, 115, NULL, NULL, 'edit', 235, 236),
(120, 115, NULL, NULL, 'delete', 237, 238),
(121, 1, NULL, NULL, 'UserProfiles', 240, 251),
(122, 121, NULL, NULL, 'index', 241, 242),
(123, 121, NULL, NULL, 'view', 243, 244),
(124, 121, NULL, NULL, 'add', 245, 246),
(125, 121, NULL, NULL, 'edit', 247, 248),
(126, 121, NULL, NULL, 'delete', 249, 250),
(127, 1, NULL, NULL, 'Users', 252, 273),
(128, 127, NULL, NULL, 'index', 253, 254),
(129, 127, NULL, NULL, 'view', 255, 256),
(130, 127, NULL, NULL, 'add', 257, 258),
(131, 127, NULL, NULL, 'edit', 259, 260),
(132, 127, NULL, NULL, 'delete', 261, 262),
(133, 127, NULL, NULL, 'login', 263, 264),
(134, 127, NULL, NULL, 'logout', 265, 266),
(135, 127, NULL, NULL, 'dashboard', 267, 268),
(136, 127, NULL, NULL, 'nutricheck_activity', 269, 270),
(137, 127, NULL, NULL, 'remote_register', 271, 272),
(138, 1, NULL, NULL, 'Vitamins', 274, 285),
(139, 138, NULL, NULL, 'index', 275, 276),
(140, 138, NULL, NULL, 'view', 277, 278),
(141, 138, NULL, NULL, 'add', 279, 280),
(142, 138, NULL, NULL, 'edit', 281, 282),
(143, 138, NULL, NULL, 'delete', 283, 284),
(144, 1, NULL, NULL, 'Widgets', 286, 297),
(145, 144, NULL, NULL, 'index', 287, 288),
(146, 144, NULL, NULL, 'view', 289, 290),
(147, 144, NULL, NULL, 'add', 291, 292),
(148, 144, NULL, NULL, 'edit', 293, 294),
(149, 144, NULL, NULL, 'delete', 295, 296),
(150, 1, NULL, NULL, 'AclManagement', 298, 343),
(151, 150, NULL, NULL, 'Groups', 299, 310),
(152, 151, NULL, NULL, 'index', 300, 301),
(153, 151, NULL, NULL, 'view', 302, 303),
(154, 151, NULL, NULL, 'add', 304, 305),
(155, 151, NULL, NULL, 'edit', 306, 307),
(156, 151, NULL, NULL, 'delete', 308, 309),
(157, 150, NULL, NULL, 'UserPermissions', 311, 320),
(158, 157, NULL, NULL, 'index', 312, 313),
(159, 157, NULL, NULL, 'sync', 314, 315),
(160, 157, NULL, NULL, 'edit', 316, 317),
(161, 157, NULL, NULL, 'toggle', 318, 319),
(162, 150, NULL, NULL, 'Users', 321, 342),
(163, 162, NULL, NULL, 'index', 322, 323),
(164, 162, NULL, NULL, 'view', 324, 325),
(165, 162, NULL, NULL, 'add', 326, 327),
(166, 162, NULL, NULL, 'edit', 328, 329),
(167, 162, NULL, NULL, 'delete', 330, 331),
(168, 162, NULL, NULL, 'login', 332, 333),
(169, 162, NULL, NULL, 'logout', 334, 335),
(170, 162, NULL, NULL, 'dashboard', 336, 337),
(171, 162, NULL, NULL, 'nutricheck_activity', 338, 339),
(172, 162, NULL, NULL, 'remote_register', 340, 341);

-- --------------------------------------------------------

--
-- Table structure for table `analysis_results`
--

CREATE TABLE IF NOT EXISTS `analysis_results` (
  `id` bigint(20) NOT NULL AUTO_INCREMENT,
  `factor_id` bigint(20) NOT NULL,
  `user_id` bigint(20) NOT NULL,
  `score` int(10) NOT NULL,
  `created` datetime NOT NULL,
  `modified` datetime NOT NULL,
  `status` tinyint(1) NOT NULL DEFAULT '1',
  PRIMARY KEY (`id`)
) ENGINE=MyISAM DEFAULT CHARSET=latin1 AUTO_INCREMENT=1 ;

-- --------------------------------------------------------

--
-- Table structure for table `answers`
--

CREATE TABLE IF NOT EXISTS `answers` (
  `id` bigint(20) NOT NULL AUTO_INCREMENT,
  `user_id` bigint(20) NOT NULL,
  `ip_address` varchar(20) NOT NULL,
  `link` text NOT NULL,
  `question_id` bigint(20) NOT NULL,
  `factor_id` bigint(20) DEFAULT NULL,
  `choice_id` bigint(20) DEFAULT NULL,
  `rank` int(5) DEFAULT NULL,
  `answer` varchar(100) DEFAULT NULL,
  `created` datetime NOT NULL,
  `modified` datetime NOT NULL,
  `status` tinyint(1) NOT NULL DEFAULT '1',
  PRIMARY KEY (`id`)
) ENGINE=MyISAM  DEFAULT CHARSET=latin1 AUTO_INCREMENT=331 ;

--
-- Dumping data for table `answers`
--

INSERT INTO `answers` (`id`, `user_id`, `ip_address`, `link`, `question_id`, `factor_id`, `choice_id`, `rank`, `answer`, `created`, `modified`, `status`) VALUES
(1, 15, '127.0.0.1', '', 1, NULL, NULL, 3, NULL, '2014-06-27 10:33:35', '2014-06-27 10:33:35', 1),
(2, 15, '127.0.0.1', '', 2, NULL, NULL, 2, NULL, '2014-06-27 10:33:35', '2014-06-27 10:33:35', 1),
(3, 15, '127.0.0.1', '', 3, NULL, NULL, 1, NULL, '2014-06-27 10:33:35', '2014-06-27 10:33:35', 1),
(4, 15, '127.0.0.1', '', 4, NULL, NULL, 0, NULL, '2014-06-27 10:33:35', '2014-06-27 10:33:35', 1),
(5, 15, '127.0.0.1', '', 5, NULL, NULL, 1, NULL, '2014-06-27 10:33:35', '2014-06-27 10:33:35', 1),
(6, 15, '127.0.0.1', '', 6, NULL, NULL, 2, NULL, '2014-06-27 10:33:35', '2014-06-27 10:33:35', 1),
(7, 15, '127.0.0.1', '', 7, NULL, NULL, 3, NULL, '2014-06-27 10:33:35', '2014-06-27 10:33:35', 1),
(8, 15, '127.0.0.1', '', 8, NULL, NULL, 2, NULL, '2014-06-27 10:33:35', '2014-06-27 10:33:35', 1),
(9, 15, '127.0.0.1', '', 9, NULL, NULL, 1, NULL, '2014-06-27 10:33:35', '2014-06-27 10:33:35', 1),
(10, 15, '127.0.0.1', '', 10, NULL, NULL, 0, NULL, '2014-06-27 10:33:35', '2014-06-27 10:33:35', 1),
(11, 15, '127.0.0.1', '', 11, NULL, NULL, 3, NULL, '2014-06-27 10:33:35', '2014-06-27 10:33:35', 1),
(12, 15, '127.0.0.1', '', 12, NULL, NULL, 2, NULL, '2014-06-27 10:33:35', '2014-06-27 10:33:35', 1),
(13, 15, '127.0.0.1', '', 13, NULL, NULL, 1, NULL, '2014-06-27 10:33:35', '2014-06-27 10:33:35', 1),
(14, 15, '127.0.0.1', '', 14, NULL, NULL, 0, NULL, '2014-06-27 10:33:35', '2014-06-27 10:33:35', 1),
(15, 15, '127.0.0.1', '', 15, NULL, NULL, 1, NULL, '2014-06-27 10:33:35', '2014-06-27 10:33:35', 1),
(16, 15, '127.0.0.1', '', 16, NULL, NULL, 2, NULL, '2014-06-27 10:33:35', '2014-06-27 10:33:35', 1),
(17, 15, '127.0.0.1', '', 17, NULL, NULL, 3, NULL, '2014-06-27 10:33:35', '2014-06-27 10:33:35', 1),
(18, 15, '127.0.0.1', '', 18, NULL, NULL, 2, NULL, '2014-06-27 10:33:35', '2014-06-27 10:33:35', 1),
(19, 15, '127.0.0.1', '', 19, NULL, NULL, 1, NULL, '2014-06-27 10:33:35', '2014-06-27 10:33:35', 1),
(20, 15, '127.0.0.1', '', 20, NULL, NULL, 0, NULL, '2014-06-27 10:33:35', '2014-06-27 10:33:35', 1),
(21, 15, '127.0.0.1', '', 21, NULL, NULL, 3, NULL, '2014-06-27 10:33:35', '2014-06-27 10:33:35', 1),
(22, 15, '127.0.0.1', '', 22, NULL, NULL, 2, NULL, '2014-06-27 10:33:35', '2014-06-27 10:33:35', 1),
(23, 15, '127.0.0.1', '', 23, NULL, NULL, 1, NULL, '2014-06-27 10:33:35', '2014-06-27 10:33:35', 1),
(24, 15, '127.0.0.1', '', 24, NULL, NULL, 0, NULL, '2014-06-27 10:33:35', '2014-06-27 10:33:35', 1),
(25, 15, '127.0.0.1', '', 25, NULL, NULL, 1, NULL, '2014-06-27 10:33:35', '2014-06-27 10:33:35', 1),
(26, 15, '127.0.0.1', '', 26, NULL, NULL, 2, NULL, '2014-06-27 10:33:35', '2014-06-27 10:33:35', 1),
(27, 15, '127.0.0.1', '', 27, NULL, NULL, 3, NULL, '2014-06-27 10:33:35', '2014-06-27 10:33:35', 1),
(28, 15, '127.0.0.1', '', 28, NULL, NULL, 2, NULL, '2014-06-27 10:33:35', '2014-06-27 10:33:35', 1),
(29, 15, '127.0.0.1', '', 29, NULL, NULL, 1, NULL, '2014-06-27 10:33:35', '2014-06-27 10:33:35', 1),
(30, 15, '127.0.0.1', '', 30, NULL, NULL, 0, NULL, '2014-06-27 10:33:35', '2014-06-27 10:33:35', 1),
(31, 15, '127.0.0.1', '', 31, NULL, NULL, 0, NULL, '2014-06-27 10:33:35', '2014-06-27 10:33:35', 1),
(32, 15, '127.0.0.1', '', 32, NULL, NULL, 1, NULL, '2014-06-27 10:33:35', '2014-06-27 10:33:35', 1),
(33, 15, '127.0.0.1', '', 33, NULL, NULL, 2, NULL, '2014-06-27 10:33:35', '2014-06-27 10:33:35', 1),
(34, 15, '127.0.0.1', '', 34, NULL, NULL, 3, NULL, '2014-06-27 10:33:35', '2014-06-27 10:33:35', 1),
(35, 15, '127.0.0.1', '', 35, NULL, NULL, 2, NULL, '2014-06-27 10:33:35', '2014-06-27 10:33:35', 1),
(36, 15, '127.0.0.1', '', 36, NULL, NULL, 1, NULL, '2014-06-27 10:33:35', '2014-06-27 10:33:35', 1),
(37, 15, '127.0.0.1', '', 37, NULL, NULL, 0, NULL, '2014-06-27 10:33:35', '2014-06-27 10:33:35', 1),
(38, 15, '127.0.0.1', '', 38, NULL, NULL, 1, NULL, '2014-06-27 10:33:35', '2014-06-27 10:33:35', 1),
(39, 15, '127.0.0.1', '', 39, NULL, NULL, 2, NULL, '2014-06-27 10:33:35', '2014-06-27 10:33:35', 1),
(40, 15, '127.0.0.1', '', 40, NULL, NULL, 3, NULL, '2014-06-27 10:33:35', '2014-06-27 10:33:35', 1),
(41, 15, '127.0.0.1', '', 41, NULL, NULL, 3, NULL, '2014-06-27 10:33:35', '2014-06-27 10:33:35', 1),
(42, 15, '127.0.0.1', '', 42, NULL, NULL, 2, NULL, '2014-06-27 10:33:35', '2014-06-27 10:33:35', 1),
(43, 15, '127.0.0.1', '', 43, NULL, NULL, 1, NULL, '2014-06-27 10:33:35', '2014-06-27 10:33:35', 1),
(44, 15, '127.0.0.1', '', 44, NULL, NULL, 0, NULL, '2014-06-27 10:33:35', '2014-06-27 10:33:35', 1),
(45, 15, '127.0.0.1', '', 45, NULL, NULL, 1, NULL, '2014-06-27 10:33:35', '2014-06-27 10:33:35', 1),
(46, 15, '127.0.0.1', '', 46, NULL, NULL, 2, NULL, '2014-06-27 10:33:35', '2014-06-27 10:33:35', 1),
(47, 15, '127.0.0.1', '', 47, NULL, NULL, 3, NULL, '2014-06-27 10:33:35', '2014-06-27 10:33:35', 1),
(48, 15, '127.0.0.1', '', 48, NULL, NULL, 2, NULL, '2014-06-27 10:33:35', '2014-06-27 10:33:35', 1),
(49, 15, '127.0.0.1', '', 49, NULL, NULL, 1, NULL, '2014-06-27 10:33:35', '2014-06-27 10:33:35', 1),
(50, 15, '127.0.0.1', '', 50, NULL, NULL, 0, NULL, '2014-06-27 10:33:35', '2014-06-27 10:33:35', 1),
(51, 15, '127.0.0.1', '', 51, NULL, NULL, 0, NULL, '2014-06-27 10:33:35', '2014-06-27 10:33:35', 1),
(52, 15, '127.0.0.1', '', 52, NULL, NULL, 1, NULL, '2014-06-27 10:33:35', '2014-06-27 10:33:35', 1),
(53, 15, '127.0.0.1', '', 53, NULL, NULL, 2, NULL, '2014-06-27 10:33:35', '2014-06-27 10:33:35', 1),
(54, 15, '127.0.0.1', '', 54, NULL, NULL, 3, NULL, '2014-06-27 10:33:35', '2014-06-27 10:33:35', 1),
(55, 15, '127.0.0.1', '', 55, NULL, NULL, 2, NULL, '2014-06-27 10:33:35', '2014-06-27 10:33:35', 1),
(56, 15, '127.0.0.1', '', 56, NULL, NULL, 1, NULL, '2014-06-27 10:33:35', '2014-06-27 10:33:35', 1),
(57, 15, '127.0.0.1', '', 57, NULL, NULL, 0, NULL, '2014-06-27 10:33:35', '2014-06-27 10:33:35', 1),
(58, 15, '127.0.0.1', '', 58, NULL, NULL, 1, NULL, '2014-06-27 10:33:35', '2014-06-27 10:33:35', 1),
(59, 15, '127.0.0.1', '', 59, NULL, NULL, 2, NULL, '2014-06-27 10:33:35', '2014-06-27 10:33:35', 1),
(60, 15, '127.0.0.1', '', 60, NULL, NULL, 3, NULL, '2014-06-27 10:33:35', '2014-06-27 10:33:35', 1),
(61, 15, '127.0.0.1', '', 61, NULL, NULL, 3, NULL, '2014-06-27 10:33:35', '2014-06-27 10:33:35', 1),
(62, 15, '127.0.0.1', '', 62, NULL, NULL, 2, NULL, '2014-06-27 10:33:35', '2014-06-27 10:33:35', 1),
(63, 15, '127.0.0.1', '', 63, NULL, NULL, 1, NULL, '2014-06-27 10:33:35', '2014-06-27 10:33:35', 1),
(64, 15, '127.0.0.1', '', 64, NULL, NULL, 0, NULL, '2014-06-27 10:33:35', '2014-06-27 10:33:35', 1),
(65, 15, '127.0.0.1', '', 65, NULL, NULL, 1, NULL, '2014-06-27 10:33:35', '2014-06-27 10:33:35', 1),
(66, 15, '127.0.0.1', '', 66, NULL, NULL, 2, NULL, '2014-06-27 10:33:35', '2014-06-27 10:33:35', 1),
(67, 15, '127.0.0.1', '', 67, NULL, NULL, 3, NULL, '2014-06-27 10:33:35', '2014-06-27 10:33:35', 1),
(68, 15, '127.0.0.1', '', 68, NULL, NULL, 2, NULL, '2014-06-27 10:33:35', '2014-06-27 10:33:35', 1),
(69, 15, '127.0.0.1', '', 69, NULL, NULL, 1, NULL, '2014-06-27 10:33:35', '2014-06-27 10:33:35', 1),
(70, 15, '127.0.0.1', '', 70, NULL, NULL, 3, NULL, '2014-06-27 10:33:35', '2014-06-27 10:33:35', 1),
(71, 15, '127.0.0.1', '', 71, NULL, NULL, 3, NULL, '2014-06-27 10:33:35', '2014-06-27 10:33:35', 1),
(72, 15, '127.0.0.1', '', 72, NULL, NULL, 2, NULL, '2014-06-27 10:33:35', '2014-06-27 10:33:35', 1),
(73, 15, '127.0.0.1', '', 73, NULL, NULL, 1, NULL, '2014-06-27 10:33:35', '2014-06-27 10:33:35', 1),
(74, 15, '127.0.0.1', '', 74, NULL, NULL, 0, NULL, '2014-06-27 10:33:35', '2014-06-27 10:33:35', 1),
(75, 15, '127.0.0.1', '', 75, NULL, NULL, 1, NULL, '2014-06-27 10:33:35', '2014-06-27 10:33:35', 1),
(76, 15, '127.0.0.1', '', 76, NULL, NULL, 2, NULL, '2014-06-27 10:33:35', '2014-06-27 10:33:35', 1),
(77, 15, '127.0.0.1', '', 77, NULL, NULL, 3, NULL, '2014-06-27 10:33:35', '2014-06-27 10:33:35', 1),
(78, 15, '127.0.0.1', '', 78, NULL, NULL, 2, NULL, '2014-06-27 10:33:35', '2014-06-27 10:33:35', 1),
(79, 15, '127.0.0.1', '', 79, NULL, NULL, 1, NULL, '2014-06-27 10:33:35', '2014-06-27 10:33:35', 1),
(80, 15, '127.0.0.1', '', 80, NULL, NULL, 0, NULL, '2014-06-27 10:33:35', '2014-06-27 10:33:35', 1),
(81, 15, '127.0.0.1', '', 81, NULL, NULL, 3, NULL, '2014-06-27 10:33:35', '2014-06-27 10:33:35', 1),
(82, 15, '127.0.0.1', '', 82, NULL, NULL, 3, NULL, '2014-06-27 10:33:35', '2014-06-27 10:33:35', 1),
(83, 15, '127.0.0.1', '', 83, NULL, NULL, 2, NULL, '2014-06-27 10:33:35', '2014-06-27 10:33:35', 1),
(84, 15, '127.0.0.1', '', 84, NULL, NULL, 1, NULL, '2014-06-27 10:33:35', '2014-06-27 10:33:35', 1),
(85, 15, '127.0.0.1', '', 85, NULL, NULL, 1, NULL, '2014-06-27 10:33:35', '2014-06-27 10:33:35', 1),
(86, 15, '127.0.0.1', '', 86, NULL, NULL, 2, NULL, '2014-06-27 10:33:35', '2014-06-27 10:33:35', 1),
(87, 15, '127.0.0.1', '', 87, NULL, NULL, 1, NULL, '2014-06-27 10:33:35', '2014-06-27 10:33:35', 1),
(88, 15, '127.0.0.1', '', 88, NULL, NULL, 3, NULL, '2014-06-27 10:33:35', '2014-06-27 10:33:35', 1),
(89, 15, '127.0.0.1', '', 89, NULL, NULL, 2, NULL, '2014-06-27 10:33:35', '2014-06-27 10:33:35', 1),
(90, 15, '127.0.0.1', '', 90, NULL, NULL, 3, NULL, '2014-06-27 10:33:35', '2014-06-27 10:33:35', 1),
(91, 15, '127.0.0.1', '', 91, NULL, NULL, 3, NULL, '2014-06-27 10:33:35', '2014-06-27 10:33:35', 1),
(92, 15, '127.0.0.1', '', 92, NULL, NULL, 2, NULL, '2014-06-27 10:33:35', '2014-06-27 10:33:35', 1),
(93, 15, '127.0.0.1', '', 93, NULL, NULL, 1, NULL, '2014-06-27 10:33:35', '2014-06-27 10:33:35', 1),
(94, 15, '127.0.0.1', '', 94, NULL, NULL, 2, NULL, '2014-06-27 10:33:35', '2014-06-27 10:33:35', 1),
(95, 15, '127.0.0.1', '', 95, NULL, NULL, 3, NULL, '2014-06-27 10:33:35', '2014-06-27 10:33:35', 1),
(96, 15, '127.0.0.1', '', 96, NULL, NULL, 2, NULL, '2014-06-27 10:33:35', '2014-06-27 10:33:35', 1),
(97, 15, '127.0.0.1', '', 97, NULL, NULL, 1, NULL, '2014-06-27 10:33:35', '2014-06-27 10:33:35', 1),
(98, 15, '127.0.0.1', '', 98, NULL, NULL, 0, NULL, '2014-06-27 10:33:35', '2014-06-27 10:33:35', 1),
(99, 15, '127.0.0.1', '', 99, NULL, NULL, 1, NULL, '2014-06-27 10:33:35', '2014-06-27 10:33:35', 1),
(100, 15, '127.0.0.1', '', 100, NULL, NULL, 3, NULL, '2014-06-27 10:33:35', '2014-06-27 10:33:35', 1),
(101, 15, '127.0.0.1', '', 101, NULL, NULL, 1, NULL, '2014-06-27 10:33:35', '2014-06-27 10:33:35', 1),
(102, 15, '127.0.0.1', '', 102, NULL, NULL, 2, NULL, '2014-06-27 10:33:35', '2014-06-27 10:33:35', 1),
(103, 15, '127.0.0.1', '', 103, NULL, NULL, 3, NULL, '2014-06-27 10:33:35', '2014-06-27 10:33:35', 1),
(104, 15, '127.0.0.1', '', 104, NULL, NULL, 2, NULL, '2014-06-27 10:33:35', '2014-06-27 10:33:35', 1),
(105, 15, '127.0.0.1', '', 105, NULL, NULL, 1, NULL, '2014-06-27 10:33:35', '2014-06-27 10:33:35', 1),
(106, 15, '127.0.0.1', '', 106, NULL, NULL, 0, NULL, '2014-06-27 10:33:35', '2014-06-27 10:33:35', 1),
(107, 15, '127.0.0.1', '', 107, NULL, NULL, 1, NULL, '2014-06-27 10:33:35', '2014-06-27 10:33:35', 1),
(108, 15, '127.0.0.1', '', 108, NULL, NULL, 2, NULL, '2014-06-27 10:33:35', '2014-06-27 10:33:35', 1),
(109, 15, '127.0.0.1', '', 109, NULL, NULL, 3, NULL, '2014-06-27 10:33:35', '2014-06-27 10:33:35', 1),
(110, 15, '127.0.0.1', '', 110, NULL, NULL, 0, NULL, '2014-06-27 10:33:35', '2014-06-27 10:33:35', 1),
(111, 15, '127.0.0.1', '', 1, NULL, NULL, 3, NULL, '2014-06-27 10:34:26', '2014-06-27 10:34:26', 1),
(112, 15, '127.0.0.1', '', 2, NULL, NULL, 2, NULL, '2014-06-27 10:34:26', '2014-06-27 10:34:26', 1),
(113, 15, '127.0.0.1', '', 3, NULL, NULL, 1, NULL, '2014-06-27 10:34:26', '2014-06-27 10:34:26', 1),
(114, 15, '127.0.0.1', '', 4, NULL, NULL, 0, NULL, '2014-06-27 10:34:26', '2014-06-27 10:34:26', 1),
(115, 15, '127.0.0.1', '', 5, NULL, NULL, 1, NULL, '2014-06-27 10:34:26', '2014-06-27 10:34:26', 1),
(116, 15, '127.0.0.1', '', 6, NULL, NULL, 2, NULL, '2014-06-27 10:34:26', '2014-06-27 10:34:26', 1),
(117, 15, '127.0.0.1', '', 7, NULL, NULL, 3, NULL, '2014-06-27 10:34:26', '2014-06-27 10:34:26', 1),
(118, 15, '127.0.0.1', '', 8, NULL, NULL, 2, NULL, '2014-06-27 10:34:26', '2014-06-27 10:34:26', 1),
(119, 15, '127.0.0.1', '', 9, NULL, NULL, 1, NULL, '2014-06-27 10:34:26', '2014-06-27 10:34:26', 1),
(120, 15, '127.0.0.1', '', 10, NULL, NULL, 0, NULL, '2014-06-27 10:34:26', '2014-06-27 10:34:26', 1),
(121, 15, '127.0.0.1', '', 11, NULL, NULL, 3, NULL, '2014-06-27 10:34:26', '2014-06-27 10:34:26', 1),
(122, 15, '127.0.0.1', '', 12, NULL, NULL, 2, NULL, '2014-06-27 10:34:26', '2014-06-27 10:34:26', 1),
(123, 15, '127.0.0.1', '', 13, NULL, NULL, 1, NULL, '2014-06-27 10:34:26', '2014-06-27 10:34:26', 1),
(124, 15, '127.0.0.1', '', 14, NULL, NULL, 0, NULL, '2014-06-27 10:34:26', '2014-06-27 10:34:26', 1),
(125, 15, '127.0.0.1', '', 15, NULL, NULL, 1, NULL, '2014-06-27 10:34:26', '2014-06-27 10:34:26', 1),
(126, 15, '127.0.0.1', '', 16, NULL, NULL, 2, NULL, '2014-06-27 10:34:26', '2014-06-27 10:34:26', 1),
(127, 15, '127.0.0.1', '', 17, NULL, NULL, 3, NULL, '2014-06-27 10:34:26', '2014-06-27 10:34:26', 1),
(128, 15, '127.0.0.1', '', 18, NULL, NULL, 2, NULL, '2014-06-27 10:34:26', '2014-06-27 10:34:26', 1),
(129, 15, '127.0.0.1', '', 19, NULL, NULL, 1, NULL, '2014-06-27 10:34:26', '2014-06-27 10:34:26', 1),
(130, 15, '127.0.0.1', '', 20, NULL, NULL, 0, NULL, '2014-06-27 10:34:26', '2014-06-27 10:34:26', 1),
(131, 15, '127.0.0.1', '', 21, NULL, NULL, 3, NULL, '2014-06-27 10:34:26', '2014-06-27 10:34:26', 1),
(132, 15, '127.0.0.1', '', 22, NULL, NULL, 2, NULL, '2014-06-27 10:34:26', '2014-06-27 10:34:26', 1),
(133, 15, '127.0.0.1', '', 23, NULL, NULL, 1, NULL, '2014-06-27 10:34:26', '2014-06-27 10:34:26', 1),
(134, 15, '127.0.0.1', '', 24, NULL, NULL, 0, NULL, '2014-06-27 10:34:26', '2014-06-27 10:34:26', 1),
(135, 15, '127.0.0.1', '', 25, NULL, NULL, 1, NULL, '2014-06-27 10:34:26', '2014-06-27 10:34:26', 1),
(136, 15, '127.0.0.1', '', 26, NULL, NULL, 2, NULL, '2014-06-27 10:34:26', '2014-06-27 10:34:26', 1),
(137, 15, '127.0.0.1', '', 27, NULL, NULL, 3, NULL, '2014-06-27 10:34:26', '2014-06-27 10:34:26', 1),
(138, 15, '127.0.0.1', '', 28, NULL, NULL, 2, NULL, '2014-06-27 10:34:26', '2014-06-27 10:34:26', 1),
(139, 15, '127.0.0.1', '', 29, NULL, NULL, 1, NULL, '2014-06-27 10:34:26', '2014-06-27 10:34:26', 1),
(140, 15, '127.0.0.1', '', 30, NULL, NULL, 0, NULL, '2014-06-27 10:34:26', '2014-06-27 10:34:26', 1),
(141, 15, '127.0.0.1', '', 31, NULL, NULL, 0, NULL, '2014-06-27 10:34:26', '2014-06-27 10:34:26', 1),
(142, 15, '127.0.0.1', '', 32, NULL, NULL, 1, NULL, '2014-06-27 10:34:26', '2014-06-27 10:34:26', 1),
(143, 15, '127.0.0.1', '', 33, NULL, NULL, 2, NULL, '2014-06-27 10:34:26', '2014-06-27 10:34:26', 1),
(144, 15, '127.0.0.1', '', 34, NULL, NULL, 3, NULL, '2014-06-27 10:34:26', '2014-06-27 10:34:26', 1),
(145, 15, '127.0.0.1', '', 35, NULL, NULL, 2, NULL, '2014-06-27 10:34:26', '2014-06-27 10:34:26', 1),
(146, 15, '127.0.0.1', '', 36, NULL, NULL, 1, NULL, '2014-06-27 10:34:26', '2014-06-27 10:34:26', 1),
(147, 15, '127.0.0.1', '', 37, NULL, NULL, 0, NULL, '2014-06-27 10:34:26', '2014-06-27 10:34:26', 1),
(148, 15, '127.0.0.1', '', 38, NULL, NULL, 1, NULL, '2014-06-27 10:34:26', '2014-06-27 10:34:26', 1),
(149, 15, '127.0.0.1', '', 39, NULL, NULL, 2, NULL, '2014-06-27 10:34:26', '2014-06-27 10:34:26', 1),
(150, 15, '127.0.0.1', '', 40, NULL, NULL, 3, NULL, '2014-06-27 10:34:26', '2014-06-27 10:34:26', 1),
(151, 15, '127.0.0.1', '', 41, NULL, NULL, 3, NULL, '2014-06-27 10:34:26', '2014-06-27 10:34:26', 1),
(152, 15, '127.0.0.1', '', 42, NULL, NULL, 2, NULL, '2014-06-27 10:34:26', '2014-06-27 10:34:26', 1),
(153, 15, '127.0.0.1', '', 43, NULL, NULL, 1, NULL, '2014-06-27 10:34:26', '2014-06-27 10:34:26', 1),
(154, 15, '127.0.0.1', '', 44, NULL, NULL, 0, NULL, '2014-06-27 10:34:26', '2014-06-27 10:34:26', 1),
(155, 15, '127.0.0.1', '', 45, NULL, NULL, 1, NULL, '2014-06-27 10:34:26', '2014-06-27 10:34:26', 1),
(156, 15, '127.0.0.1', '', 46, NULL, NULL, 2, NULL, '2014-06-27 10:34:26', '2014-06-27 10:34:26', 1),
(157, 15, '127.0.0.1', '', 47, NULL, NULL, 3, NULL, '2014-06-27 10:34:26', '2014-06-27 10:34:26', 1),
(158, 15, '127.0.0.1', '', 48, NULL, NULL, 2, NULL, '2014-06-27 10:34:26', '2014-06-27 10:34:26', 1),
(159, 15, '127.0.0.1', '', 49, NULL, NULL, 1, NULL, '2014-06-27 10:34:26', '2014-06-27 10:34:26', 1),
(160, 15, '127.0.0.1', '', 50, NULL, NULL, 0, NULL, '2014-06-27 10:34:26', '2014-06-27 10:34:26', 1),
(161, 15, '127.0.0.1', '', 51, NULL, NULL, 0, NULL, '2014-06-27 10:34:26', '2014-06-27 10:34:26', 1),
(162, 15, '127.0.0.1', '', 52, NULL, NULL, 1, NULL, '2014-06-27 10:34:26', '2014-06-27 10:34:26', 1),
(163, 15, '127.0.0.1', '', 53, NULL, NULL, 2, NULL, '2014-06-27 10:34:26', '2014-06-27 10:34:26', 1),
(164, 15, '127.0.0.1', '', 54, NULL, NULL, 3, NULL, '2014-06-27 10:34:26', '2014-06-27 10:34:26', 1),
(165, 15, '127.0.0.1', '', 55, NULL, NULL, 2, NULL, '2014-06-27 10:34:26', '2014-06-27 10:34:26', 1),
(166, 15, '127.0.0.1', '', 56, NULL, NULL, 1, NULL, '2014-06-27 10:34:26', '2014-06-27 10:34:26', 1),
(167, 15, '127.0.0.1', '', 57, NULL, NULL, 0, NULL, '2014-06-27 10:34:26', '2014-06-27 10:34:26', 1),
(168, 15, '127.0.0.1', '', 58, NULL, NULL, 1, NULL, '2014-06-27 10:34:26', '2014-06-27 10:34:26', 1),
(169, 15, '127.0.0.1', '', 59, NULL, NULL, 2, NULL, '2014-06-27 10:34:26', '2014-06-27 10:34:26', 1),
(170, 15, '127.0.0.1', '', 60, NULL, NULL, 3, NULL, '2014-06-27 10:34:26', '2014-06-27 10:34:26', 1),
(171, 15, '127.0.0.1', '', 61, NULL, NULL, 3, NULL, '2014-06-27 10:34:26', '2014-06-27 10:34:26', 1),
(172, 15, '127.0.0.1', '', 62, NULL, NULL, 2, NULL, '2014-06-27 10:34:26', '2014-06-27 10:34:26', 1),
(173, 15, '127.0.0.1', '', 63, NULL, NULL, 1, NULL, '2014-06-27 10:34:26', '2014-06-27 10:34:26', 1),
(174, 15, '127.0.0.1', '', 64, NULL, NULL, 0, NULL, '2014-06-27 10:34:26', '2014-06-27 10:34:26', 1),
(175, 15, '127.0.0.1', '', 65, NULL, NULL, 1, NULL, '2014-06-27 10:34:26', '2014-06-27 10:34:26', 1),
(176, 15, '127.0.0.1', '', 66, NULL, NULL, 2, NULL, '2014-06-27 10:34:26', '2014-06-27 10:34:26', 1),
(177, 15, '127.0.0.1', '', 67, NULL, NULL, 3, NULL, '2014-06-27 10:34:26', '2014-06-27 10:34:26', 1),
(178, 15, '127.0.0.1', '', 68, NULL, NULL, 2, NULL, '2014-06-27 10:34:26', '2014-06-27 10:34:26', 1),
(179, 15, '127.0.0.1', '', 69, NULL, NULL, 1, NULL, '2014-06-27 10:34:26', '2014-06-27 10:34:26', 1),
(180, 15, '127.0.0.1', '', 70, NULL, NULL, 3, NULL, '2014-06-27 10:34:26', '2014-06-27 10:34:26', 1),
(181, 15, '127.0.0.1', '', 71, NULL, NULL, 3, NULL, '2014-06-27 10:34:26', '2014-06-27 10:34:26', 1),
(182, 15, '127.0.0.1', '', 72, NULL, NULL, 2, NULL, '2014-06-27 10:34:26', '2014-06-27 10:34:26', 1),
(183, 15, '127.0.0.1', '', 73, NULL, NULL, 1, NULL, '2014-06-27 10:34:26', '2014-06-27 10:34:26', 1),
(184, 15, '127.0.0.1', '', 74, NULL, NULL, 0, NULL, '2014-06-27 10:34:26', '2014-06-27 10:34:26', 1),
(185, 15, '127.0.0.1', '', 75, NULL, NULL, 1, NULL, '2014-06-27 10:34:26', '2014-06-27 10:34:26', 1),
(186, 15, '127.0.0.1', '', 76, NULL, NULL, 2, NULL, '2014-06-27 10:34:26', '2014-06-27 10:34:26', 1),
(187, 15, '127.0.0.1', '', 77, NULL, NULL, 3, NULL, '2014-06-27 10:34:26', '2014-06-27 10:34:26', 1),
(188, 15, '127.0.0.1', '', 78, NULL, NULL, 2, NULL, '2014-06-27 10:34:26', '2014-06-27 10:34:26', 1),
(189, 15, '127.0.0.1', '', 79, NULL, NULL, 1, NULL, '2014-06-27 10:34:26', '2014-06-27 10:34:26', 1),
(190, 15, '127.0.0.1', '', 80, NULL, NULL, 0, NULL, '2014-06-27 10:34:26', '2014-06-27 10:34:26', 1),
(191, 15, '127.0.0.1', '', 81, NULL, NULL, 3, NULL, '2014-06-27 10:34:26', '2014-06-27 10:34:26', 1),
(192, 15, '127.0.0.1', '', 82, NULL, NULL, 3, NULL, '2014-06-27 10:34:26', '2014-06-27 10:34:26', 1),
(193, 15, '127.0.0.1', '', 83, NULL, NULL, 2, NULL, '2014-06-27 10:34:26', '2014-06-27 10:34:26', 1),
(194, 15, '127.0.0.1', '', 84, NULL, NULL, 1, NULL, '2014-06-27 10:34:26', '2014-06-27 10:34:26', 1),
(195, 15, '127.0.0.1', '', 85, NULL, NULL, 1, NULL, '2014-06-27 10:34:26', '2014-06-27 10:34:26', 1),
(196, 15, '127.0.0.1', '', 86, NULL, NULL, 2, NULL, '2014-06-27 10:34:26', '2014-06-27 10:34:26', 1),
(197, 15, '127.0.0.1', '', 87, NULL, NULL, 1, NULL, '2014-06-27 10:34:26', '2014-06-27 10:34:26', 1),
(198, 15, '127.0.0.1', '', 88, NULL, NULL, 3, NULL, '2014-06-27 10:34:26', '2014-06-27 10:34:26', 1),
(199, 15, '127.0.0.1', '', 89, NULL, NULL, 2, NULL, '2014-06-27 10:34:26', '2014-06-27 10:34:26', 1),
(200, 15, '127.0.0.1', '', 90, NULL, NULL, 3, NULL, '2014-06-27 10:34:26', '2014-06-27 10:34:26', 1),
(201, 15, '127.0.0.1', '', 91, NULL, NULL, 3, NULL, '2014-06-27 10:34:26', '2014-06-27 10:34:26', 1),
(202, 15, '127.0.0.1', '', 92, NULL, NULL, 2, NULL, '2014-06-27 10:34:26', '2014-06-27 10:34:26', 1),
(203, 15, '127.0.0.1', '', 93, NULL, NULL, 1, NULL, '2014-06-27 10:34:26', '2014-06-27 10:34:26', 1),
(204, 15, '127.0.0.1', '', 94, NULL, NULL, 2, NULL, '2014-06-27 10:34:26', '2014-06-27 10:34:26', 1),
(205, 15, '127.0.0.1', '', 95, NULL, NULL, 3, NULL, '2014-06-27 10:34:26', '2014-06-27 10:34:26', 1),
(206, 15, '127.0.0.1', '', 96, NULL, NULL, 2, NULL, '2014-06-27 10:34:26', '2014-06-27 10:34:26', 1),
(207, 15, '127.0.0.1', '', 97, NULL, NULL, 1, NULL, '2014-06-27 10:34:26', '2014-06-27 10:34:26', 1),
(208, 15, '127.0.0.1', '', 98, NULL, NULL, 0, NULL, '2014-06-27 10:34:26', '2014-06-27 10:34:26', 1),
(209, 15, '127.0.0.1', '', 99, NULL, NULL, 1, NULL, '2014-06-27 10:34:26', '2014-06-27 10:34:26', 1),
(210, 15, '127.0.0.1', '', 100, NULL, NULL, 3, NULL, '2014-06-27 10:34:26', '2014-06-27 10:34:26', 1),
(211, 15, '127.0.0.1', '', 101, NULL, NULL, 1, NULL, '2014-06-27 10:34:26', '2014-06-27 10:34:26', 1),
(212, 15, '127.0.0.1', '', 102, NULL, NULL, 2, NULL, '2014-06-27 10:34:26', '2014-06-27 10:34:26', 1),
(213, 15, '127.0.0.1', '', 103, NULL, NULL, 3, NULL, '2014-06-27 10:34:26', '2014-06-27 10:34:26', 1),
(214, 15, '127.0.0.1', '', 104, NULL, NULL, 2, NULL, '2014-06-27 10:34:26', '2014-06-27 10:34:26', 1),
(215, 15, '127.0.0.1', '', 105, NULL, NULL, 1, NULL, '2014-06-27 10:34:26', '2014-06-27 10:34:26', 1),
(216, 15, '127.0.0.1', '', 106, NULL, NULL, 0, NULL, '2014-06-27 10:34:26', '2014-06-27 10:34:26', 1),
(217, 15, '127.0.0.1', '', 107, NULL, NULL, 1, NULL, '2014-06-27 10:34:26', '2014-06-27 10:34:26', 1),
(218, 15, '127.0.0.1', '', 108, NULL, NULL, 2, NULL, '2014-06-27 10:34:26', '2014-06-27 10:34:26', 1),
(219, 15, '127.0.0.1', '', 109, NULL, NULL, 3, NULL, '2014-06-27 10:34:26', '2014-06-27 10:34:26', 1),
(220, 15, '127.0.0.1', '', 110, NULL, NULL, 0, NULL, '2014-06-27 10:34:26', '2014-06-27 10:34:26', 1),
(221, 16, '127.0.0.1', '', 1, NULL, NULL, 0, NULL, '2014-06-27 10:51:37', '2014-06-27 10:51:37', 1),
(222, 16, '127.0.0.1', '', 2, NULL, NULL, 1, NULL, '2014-06-27 10:51:37', '2014-06-27 10:51:37', 1),
(223, 16, '127.0.0.1', '', 3, NULL, NULL, 2, NULL, '2014-06-27 10:51:37', '2014-06-27 10:51:37', 1),
(224, 16, '127.0.0.1', '', 4, NULL, NULL, 3, NULL, '2014-06-27 10:51:37', '2014-06-27 10:51:37', 1),
(225, 16, '127.0.0.1', '', 5, NULL, NULL, 2, NULL, '2014-06-27 10:51:37', '2014-06-27 10:51:37', 1),
(226, 16, '127.0.0.1', '', 6, NULL, NULL, 2, NULL, '2014-06-27 10:51:37', '2014-06-27 10:51:37', 1),
(227, 16, '127.0.0.1', '', 7, NULL, NULL, 1, NULL, '2014-06-27 10:51:37', '2014-06-27 10:51:37', 1),
(228, 16, '127.0.0.1', '', 8, NULL, NULL, 3, NULL, '2014-06-27 10:51:37', '2014-06-27 10:51:37', 1),
(229, 16, '127.0.0.1', '', 9, NULL, NULL, 2, NULL, '2014-06-27 10:51:37', '2014-06-27 10:51:37', 1),
(230, 16, '127.0.0.1', '', 10, NULL, NULL, 0, NULL, '2014-06-27 10:51:37', '2014-06-27 10:51:37', 1),
(231, 16, '127.0.0.1', '', 11, NULL, NULL, 3, NULL, '2014-06-27 10:51:37', '2014-06-27 10:51:37', 1),
(232, 16, '127.0.0.1', '', 12, NULL, NULL, 1, NULL, '2014-06-27 10:51:37', '2014-06-27 10:51:37', 1),
(233, 16, '127.0.0.1', '', 13, NULL, NULL, 2, NULL, '2014-06-27 10:51:37', '2014-06-27 10:51:37', 1),
(234, 16, '127.0.0.1', '', 14, NULL, NULL, 2, NULL, '2014-06-27 10:51:37', '2014-06-27 10:51:37', 1),
(235, 16, '127.0.0.1', '', 15, NULL, NULL, 2, NULL, '2014-06-27 10:51:37', '2014-06-27 10:51:37', 1),
(236, 16, '127.0.0.1', '', 16, NULL, NULL, 1, NULL, '2014-06-27 10:51:37', '2014-06-27 10:51:37', 1),
(237, 16, '127.0.0.1', '', 17, NULL, NULL, 0, NULL, '2014-06-27 10:51:37', '2014-06-27 10:51:37', 1),
(238, 16, '127.0.0.1', '', 18, NULL, NULL, 1, NULL, '2014-06-27 10:51:37', '2014-06-27 10:51:37', 1),
(239, 16, '127.0.0.1', '', 19, NULL, NULL, 2, NULL, '2014-06-27 10:51:37', '2014-06-27 10:51:37', 1),
(240, 16, '127.0.0.1', '', 20, NULL, NULL, 3, NULL, '2014-06-27 10:51:37', '2014-06-27 10:51:37', 1),
(241, 16, '127.0.0.1', '', 21, NULL, NULL, 1, NULL, '2014-06-27 10:51:37', '2014-06-27 10:51:37', 1),
(242, 16, '127.0.0.1', '', 22, NULL, NULL, 2, NULL, '2014-06-27 10:51:37', '2014-06-27 10:51:37', 1),
(243, 16, '127.0.0.1', '', 23, NULL, NULL, 3, NULL, '2014-06-27 10:51:37', '2014-06-27 10:51:37', 1),
(244, 16, '127.0.0.1', '', 24, NULL, NULL, 2, NULL, '2014-06-27 10:51:37', '2014-06-27 10:51:37', 1),
(245, 16, '127.0.0.1', '', 25, NULL, NULL, 1, NULL, '2014-06-27 10:51:37', '2014-06-27 10:51:37', 1),
(246, 16, '127.0.0.1', '', 26, NULL, NULL, 2, NULL, '2014-06-27 10:51:37', '2014-06-27 10:51:37', 1),
(247, 16, '127.0.0.1', '', 27, NULL, NULL, 2, NULL, '2014-06-27 10:51:37', '2014-06-27 10:51:37', 1),
(248, 16, '127.0.0.1', '', 28, NULL, NULL, 3, NULL, '2014-06-27 10:51:37', '2014-06-27 10:51:37', 1),
(249, 16, '127.0.0.1', '', 29, NULL, NULL, 2, NULL, '2014-06-27 10:51:37', '2014-06-27 10:51:37', 1),
(250, 16, '127.0.0.1', '', 30, NULL, NULL, 1, NULL, '2014-06-27 10:51:37', '2014-06-27 10:51:37', 1),
(251, 16, '127.0.0.1', '', 31, NULL, NULL, 1, NULL, '2014-06-27 10:51:37', '2014-06-27 10:51:37', 1),
(252, 16, '127.0.0.1', '', 32, NULL, NULL, 2, NULL, '2014-06-27 10:51:37', '2014-06-27 10:51:37', 1),
(253, 16, '127.0.0.1', '', 33, NULL, NULL, 3, NULL, '2014-06-27 10:51:37', '2014-06-27 10:51:37', 1),
(254, 16, '127.0.0.1', '', 34, NULL, NULL, 3, NULL, '2014-06-27 10:51:37', '2014-06-27 10:51:37', 1),
(255, 16, '127.0.0.1', '', 35, NULL, NULL, 2, NULL, '2014-06-27 10:51:37', '2014-06-27 10:51:37', 1),
(256, 16, '127.0.0.1', '', 36, NULL, NULL, 1, NULL, '2014-06-27 10:51:37', '2014-06-27 10:51:37', 1),
(257, 16, '127.0.0.1', '', 37, NULL, NULL, 2, NULL, '2014-06-27 10:51:37', '2014-06-27 10:51:37', 1),
(258, 16, '127.0.0.1', '', 38, NULL, NULL, 3, NULL, '2014-06-27 10:51:37', '2014-06-27 10:51:37', 1),
(259, 16, '127.0.0.1', '', 39, NULL, NULL, 2, NULL, '2014-06-27 10:51:37', '2014-06-27 10:51:37', 1),
(260, 16, '127.0.0.1', '', 40, NULL, NULL, 0, NULL, '2014-06-27 10:51:37', '2014-06-27 10:51:37', 1),
(261, 16, '127.0.0.1', '', 41, NULL, NULL, 3, NULL, '2014-06-27 10:51:37', '2014-06-27 10:51:37', 1),
(262, 16, '127.0.0.1', '', 42, NULL, NULL, 2, NULL, '2014-06-27 10:51:37', '2014-06-27 10:51:37', 1),
(263, 16, '127.0.0.1', '', 43, NULL, NULL, 3, NULL, '2014-06-27 10:51:37', '2014-06-27 10:51:37', 1),
(264, 16, '127.0.0.1', '', 44, NULL, NULL, 3, NULL, '2014-06-27 10:51:37', '2014-06-27 10:51:37', 1),
(265, 16, '127.0.0.1', '', 45, NULL, NULL, 2, NULL, '2014-06-27 10:51:37', '2014-06-27 10:51:37', 1),
(266, 16, '127.0.0.1', '', 46, NULL, NULL, 2, NULL, '2014-06-27 10:51:37', '2014-06-27 10:51:37', 1),
(267, 16, '127.0.0.1', '', 47, NULL, NULL, 1, NULL, '2014-06-27 10:51:37', '2014-06-27 10:51:37', 1),
(268, 16, '127.0.0.1', '', 48, NULL, NULL, 2, NULL, '2014-06-27 10:51:37', '2014-06-27 10:51:37', 1),
(269, 16, '127.0.0.1', '', 49, NULL, NULL, 2, NULL, '2014-06-27 10:51:37', '2014-06-27 10:51:37', 1),
(270, 16, '127.0.0.1', '', 50, NULL, NULL, 1, NULL, '2014-06-27 10:51:37', '2014-06-27 10:51:37', 1),
(271, 16, '127.0.0.1', '', 51, NULL, NULL, 2, NULL, '2014-06-27 10:51:37', '2014-06-27 10:51:37', 1),
(272, 16, '127.0.0.1', '', 52, NULL, NULL, 3, NULL, '2014-06-27 10:51:37', '2014-06-27 10:51:37', 1),
(273, 16, '127.0.0.1', '', 53, NULL, NULL, 2, NULL, '2014-06-27 10:51:37', '2014-06-27 10:51:37', 1),
(274, 16, '127.0.0.1', '', 54, NULL, NULL, 2, NULL, '2014-06-27 10:51:37', '2014-06-27 10:51:37', 1),
(275, 16, '127.0.0.1', '', 55, NULL, NULL, 2, NULL, '2014-06-27 10:51:37', '2014-06-27 10:51:37', 1),
(276, 16, '127.0.0.1', '', 56, NULL, NULL, 3, NULL, '2014-06-27 10:51:37', '2014-06-27 10:51:37', 1),
(277, 16, '127.0.0.1', '', 57, NULL, NULL, 1, NULL, '2014-06-27 10:51:37', '2014-06-27 10:51:37', 1),
(278, 16, '127.0.0.1', '', 58, NULL, NULL, 2, NULL, '2014-06-27 10:51:37', '2014-06-27 10:51:37', 1),
(279, 16, '127.0.0.1', '', 59, NULL, NULL, 2, NULL, '2014-06-27 10:51:37', '2014-06-27 10:51:37', 1),
(280, 16, '127.0.0.1', '', 60, NULL, NULL, 3, NULL, '2014-06-27 10:51:37', '2014-06-27 10:51:37', 1),
(281, 16, '127.0.0.1', '', 61, NULL, NULL, 3, NULL, '2014-06-27 10:51:37', '2014-06-27 10:51:37', 1),
(282, 16, '127.0.0.1', '', 62, NULL, NULL, 2, NULL, '2014-06-27 10:51:37', '2014-06-27 10:51:37', 1),
(283, 16, '127.0.0.1', '', 63, NULL, NULL, 1, NULL, '2014-06-27 10:51:37', '2014-06-27 10:51:37', 1),
(284, 16, '127.0.0.1', '', 64, NULL, NULL, 1, NULL, '2014-06-27 10:51:37', '2014-06-27 10:51:37', 1),
(285, 16, '127.0.0.1', '', 65, NULL, NULL, 0, NULL, '2014-06-27 10:51:37', '2014-06-27 10:51:37', 1),
(286, 16, '127.0.0.1', '', 66, NULL, NULL, 1, NULL, '2014-06-27 10:51:37', '2014-06-27 10:51:37', 1),
(287, 16, '127.0.0.1', '', 67, NULL, NULL, 2, NULL, '2014-06-27 10:51:37', '2014-06-27 10:51:37', 1),
(288, 16, '127.0.0.1', '', 68, NULL, NULL, 2, NULL, '2014-06-27 10:51:37', '2014-06-27 10:51:37', 1),
(289, 16, '127.0.0.1', '', 69, NULL, NULL, 2, NULL, '2014-06-27 10:51:37', '2014-06-27 10:51:37', 1),
(290, 16, '127.0.0.1', '', 70, NULL, NULL, 1, NULL, '2014-06-27 10:51:37', '2014-06-27 10:51:37', 1),
(291, 16, '127.0.0.1', '', 71, NULL, NULL, 3, NULL, '2014-06-27 10:51:37', '2014-06-27 10:51:37', 1),
(292, 16, '127.0.0.1', '', 72, NULL, NULL, 2, NULL, '2014-06-27 10:51:37', '2014-06-27 10:51:37', 1),
(293, 16, '127.0.0.1', '', 73, NULL, NULL, 1, NULL, '2014-06-27 10:51:37', '2014-06-27 10:51:37', 1),
(294, 16, '127.0.0.1', '', 74, NULL, NULL, 2, NULL, '2014-06-27 10:51:37', '2014-06-27 10:51:37', 1),
(295, 16, '127.0.0.1', '', 75, NULL, NULL, 2, NULL, '2014-06-27 10:51:37', '2014-06-27 10:51:37', 1),
(296, 16, '127.0.0.1', '', 76, NULL, NULL, 2, NULL, '2014-06-27 10:51:37', '2014-06-27 10:51:37', 1),
(297, 16, '127.0.0.1', '', 77, NULL, NULL, 1, NULL, '2014-06-27 10:51:37', '2014-06-27 10:51:37', 1),
(298, 16, '127.0.0.1', '', 78, NULL, NULL, 3, NULL, '2014-06-27 10:51:37', '2014-06-27 10:51:37', 1),
(299, 16, '127.0.0.1', '', 79, NULL, NULL, 1, NULL, '2014-06-27 10:51:37', '2014-06-27 10:51:37', 1),
(300, 16, '127.0.0.1', '', 80, NULL, NULL, 3, NULL, '2014-06-27 10:51:37', '2014-06-27 10:51:37', 1),
(301, 16, '127.0.0.1', '', 81, NULL, NULL, 1, NULL, '2014-06-27 10:51:37', '2014-06-27 10:51:37', 1),
(302, 16, '127.0.0.1', '', 82, NULL, NULL, 2, NULL, '2014-06-27 10:51:37', '2014-06-27 10:51:37', 1),
(303, 16, '127.0.0.1', '', 83, NULL, NULL, 2, NULL, '2014-06-27 10:51:37', '2014-06-27 10:51:37', 1),
(304, 16, '127.0.0.1', '', 84, NULL, NULL, 1, NULL, '2014-06-27 10:51:37', '2014-06-27 10:51:37', 1),
(305, 16, '127.0.0.1', '', 85, NULL, NULL, 2, NULL, '2014-06-27 10:51:37', '2014-06-27 10:51:37', 1),
(306, 16, '127.0.0.1', '', 86, NULL, NULL, 3, NULL, '2014-06-27 10:51:37', '2014-06-27 10:51:37', 1),
(307, 16, '127.0.0.1', '', 87, NULL, NULL, 2, NULL, '2014-06-27 10:51:37', '2014-06-27 10:51:37', 1),
(308, 16, '127.0.0.1', '', 88, NULL, NULL, 1, NULL, '2014-06-27 10:51:37', '2014-06-27 10:51:37', 1),
(309, 16, '127.0.0.1', '', 89, NULL, NULL, 2, NULL, '2014-06-27 10:51:37', '2014-06-27 10:51:37', 1),
(310, 16, '127.0.0.1', '', 90, NULL, NULL, 3, NULL, '2014-06-27 10:51:37', '2014-06-27 10:51:37', 1),
(311, 16, '127.0.0.1', '', 91, NULL, NULL, 3, NULL, '2014-06-27 10:51:37', '2014-06-27 10:51:37', 1),
(312, 16, '127.0.0.1', '', 92, NULL, NULL, 2, NULL, '2014-06-27 10:51:37', '2014-06-27 10:51:37', 1),
(313, 16, '127.0.0.1', '', 93, NULL, NULL, 2, NULL, '2014-06-27 10:51:37', '2014-06-27 10:51:37', 1),
(314, 16, '127.0.0.1', '', 94, NULL, NULL, 1, NULL, '2014-06-27 10:51:37', '2014-06-27 10:51:37', 1),
(315, 16, '127.0.0.1', '', 95, NULL, NULL, 1, NULL, '2014-06-27 10:51:37', '2014-06-27 10:51:37', 1),
(316, 16, '127.0.0.1', '', 96, NULL, NULL, 2, NULL, '2014-06-27 10:51:37', '2014-06-27 10:51:37', 1),
(317, 16, '127.0.0.1', '', 97, NULL, NULL, 2, NULL, '2014-06-27 10:51:37', '2014-06-27 10:51:37', 1),
(318, 16, '127.0.0.1', '', 98, NULL, NULL, 1, NULL, '2014-06-27 10:51:37', '2014-06-27 10:51:37', 1),
(319, 16, '127.0.0.1', '', 99, NULL, NULL, 2, NULL, '2014-06-27 10:51:37', '2014-06-27 10:51:37', 1),
(320, 16, '127.0.0.1', '', 100, NULL, NULL, 3, NULL, '2014-06-27 10:51:37', '2014-06-27 10:51:37', 1),
(321, 16, '127.0.0.1', '', 101, NULL, NULL, 0, NULL, '2014-06-27 10:51:37', '2014-06-27 10:51:37', 1),
(322, 16, '127.0.0.1', '', 102, NULL, NULL, 1, NULL, '2014-06-27 10:51:37', '2014-06-27 10:51:37', 1),
(323, 16, '127.0.0.1', '', 103, NULL, NULL, 1, NULL, '2014-06-27 10:51:37', '2014-06-27 10:51:37', 1),
(324, 16, '127.0.0.1', '', 104, NULL, NULL, 1, NULL, '2014-06-27 10:51:37', '2014-06-27 10:51:37', 1),
(325, 16, '127.0.0.1', '', 105, NULL, NULL, 0, NULL, '2014-06-27 10:51:37', '2014-06-27 10:51:37', 1),
(326, 16, '127.0.0.1', '', 106, NULL, NULL, 1, NULL, '2014-06-27 10:51:37', '2014-06-27 10:51:37', 1),
(327, 16, '127.0.0.1', '', 107, NULL, NULL, 2, NULL, '2014-06-27 10:51:37', '2014-06-27 10:51:37', 1),
(328, 16, '127.0.0.1', '', 108, NULL, NULL, 1, NULL, '2014-06-27 10:51:37', '2014-06-27 10:51:37', 1),
(329, 16, '127.0.0.1', '', 109, NULL, NULL, 3, NULL, '2014-06-27 10:51:37', '2014-06-27 10:51:37', 1),
(330, 16, '127.0.0.1', '', 110, NULL, NULL, 1, NULL, '2014-06-27 10:51:37', '2014-06-27 10:51:37', 1);

-- --------------------------------------------------------

--
-- Table structure for table `aros`
--

CREATE TABLE IF NOT EXISTS `aros` (
  `id` int(10) NOT NULL AUTO_INCREMENT,
  `parent_id` int(10) DEFAULT NULL,
  `model` varchar(255) DEFAULT NULL,
  `foreign_key` int(10) DEFAULT NULL,
  `alias` varchar(255) DEFAULT NULL,
  `lft` int(10) DEFAULT NULL,
  `rght` int(10) DEFAULT NULL,
  PRIMARY KEY (`id`)
) ENGINE=InnoDB  DEFAULT CHARSET=utf8 AUTO_INCREMENT=17 ;

--
-- Dumping data for table `aros`
--

INSERT INTO `aros` (`id`, `parent_id`, `model`, `foreign_key`, `alias`, `lft`, `rght`) VALUES
(1, NULL, 'Group', 1, NULL, 1, 4),
(2, NULL, 'Group', 2, NULL, 5, 14),
(3, NULL, 'Group', 3, NULL, 15, 32),
(4, 1, 'User', 1, NULL, 2, 3),
(5, 3, 'User', 2, NULL, 16, 17),
(6, 2, 'User', 3, NULL, 6, 7),
(7, 2, 'User', 5, NULL, 8, 9),
(8, 2, 'User', 6, NULL, 10, 11),
(9, 3, 'User', 7, NULL, 18, 19),
(10, 3, 'User', 8, NULL, 20, 21),
(11, 2, 'User', 9, NULL, 12, 13),
(12, 3, 'User', 10, NULL, 22, 23),
(13, 3, 'User', 13, NULL, 24, 25),
(14, 3, 'User', 14, NULL, 26, 27),
(15, 3, 'User', 15, NULL, 28, 29),
(16, 3, 'User', 16, NULL, 30, 31);

-- --------------------------------------------------------

--
-- Table structure for table `aros_acos`
--

CREATE TABLE IF NOT EXISTS `aros_acos` (
  `id` int(10) NOT NULL AUTO_INCREMENT,
  `aro_id` int(10) NOT NULL,
  `aco_id` int(10) NOT NULL,
  `_create` varchar(2) NOT NULL DEFAULT '0',
  `_read` varchar(2) NOT NULL DEFAULT '0',
  `_update` varchar(2) NOT NULL DEFAULT '0',
  `_delete` varchar(2) NOT NULL DEFAULT '0',
  PRIMARY KEY (`id`),
  UNIQUE KEY `ARO_ACO_KEY` (`aro_id`,`aco_id`)
) ENGINE=InnoDB  DEFAULT CHARSET=utf8 AUTO_INCREMENT=17 ;

--
-- Dumping data for table `aros_acos`
--

INSERT INTO `aros_acos` (`id`, `aro_id`, `aco_id`, `_create`, `_read`, `_update`, `_delete`) VALUES
(1, 1, 1, '1', '1', '1', '1'),
(2, 3, 82, '0', '0', '0', '0'),
(3, 3, 84, '0', '0', '0', '0'),
(4, 3, 83, '0', '0', '0', '0'),
(5, 2, 82, '1', '1', '1', '1'),
(6, 2, 83, '1', '1', '1', '1'),
(7, 2, 84, '1', '1', '1', '1'),
(8, 2, 130, '1', '1', '1', '1'),
(9, 2, 131, '1', '1', '1', '1'),
(10, 2, 129, '1', '1', '1', '1'),
(11, 2, 128, '1', '1', '1', '1'),
(12, 2, 163, '1', '1', '1', '1'),
(13, 2, 165, '1', '1', '1', '1'),
(14, 2, 164, '1', '1', '1', '1'),
(15, 2, 166, '1', '1', '1', '1'),
(16, 2, 167, '1', '1', '1', '1');

-- --------------------------------------------------------

--
-- Table structure for table `base_nutrients`
--

CREATE TABLE IF NOT EXISTS `base_nutrients` (
  `id` int(11) NOT NULL AUTO_INCREMENT,
  `base_nutrient_formula` text NOT NULL,
  `daily_dosage` int(10) NOT NULL,
  `maximum_dosage` int(10) NOT NULL,
  `created` datetime NOT NULL,
  `modified` datetime NOT NULL,
  `status` tinyint(1) NOT NULL,
  PRIMARY KEY (`id`)
) ENGINE=InnoDB  DEFAULT CHARSET=latin1 AUTO_INCREMENT=30 ;

--
-- Dumping data for table `base_nutrients`
--

INSERT INTO `base_nutrients` (`id`, `base_nutrient_formula`, `daily_dosage`, `maximum_dosage`, `created`, `modified`, `status`) VALUES
(1, 'Vitamin A* (IU)\r\n', 750, 2500, '2014-05-21 05:36:00', '2014-05-21 05:36:00', 0),
(2, 'B-Carotene* (IU)', 750, 2500, '2014-05-21 05:36:17', '2014-05-21 05:36:17', 0),
(3, 'Thiamin (B1) ~ mg', 5, 200, '2014-05-21 05:36:35', '2014-05-21 05:36:35', 0),
(4, 'Riboflavin-5-phosphate (B2) ~ mg\r\n', 5, 400, '2014-05-21 05:41:22', '2014-05-21 05:41:22', 0),
(5, 'Niacin (B3) ~ mg', 5, 100, '2014-05-21 05:42:32', '2014-05-21 05:42:32', 0),
(6, 'Niacinamide (B3) ~ mg', 10, 200, '2014-05-21 05:42:57', '2014-05-21 05:42:57', 0),
(7, 'Pyridoxal-5-phosphate (B6) ~ mg', 15, 50, '2014-05-21 05:43:24', '2014-05-21 05:43:24', 0),
(8, 'Folic Acid ~ ugm', 400, 5000, '2014-05-21 05:43:57', '2014-05-21 05:43:57', 0),
(9, 'Vitamin B12 ~ ugm', 50, 1000, '2014-05-21 05:44:14', '2014-05-21 05:44:14', 0),
(10, 'Pantothenic Acid (B5) ~ mg', 25, 1000, '2014-05-21 05:44:40', '2014-05-21 05:44:40', 0),
(11, 'Biotin ~ mg', 100, 3000, '2014-05-21 05:44:55', '2014-05-21 05:44:55', 0),
(12, 'Choline ~ mg', 50, 500, '2014-05-21 05:45:16', '2014-05-21 05:45:16', 0),
(13, 'Vitamin C (mg)', 100, 4000, '2014-05-21 05:45:45', '2014-05-21 05:45:45', 0),
(14, 'Vitamin D* (IU)', 400, 2000, '2014-05-21 05:46:21', '2014-05-21 05:46:21', 0),
(15, 'Vitamin E mixed tocopherols (IU)', 100, 1000, '2014-05-21 05:47:13', '2014-05-21 05:47:13', 0),
(16, 'Vitamin K-2* ~ ugm', 10, 200, '2014-05-21 05:47:27', '2014-05-21 05:47:27', 0),
(17, 'Acetyl-carnitine ~ mg', 100, 500, '2014-05-21 06:04:42', '2014-05-21 06:04:42', 0),
(18, 'Coenzyme Q10 ~ mg', 30, 0, '2014-05-21 06:05:16', '2014-05-21 06:05:16', 0),
(19, 'Lipoic Acid ~ mg', 100, 500, '2014-05-21 06:05:33', '2014-05-21 06:05:33', 0),
(20, 'EFA: omega-3-EFAs ~ mg', 500, 3000, '2014-05-21 06:35:12', '2014-05-21 06:35:12', 0),
(21, 'Calcium ~ mg', 400, 1500, '2014-05-21 06:35:56', '2014-05-21 06:35:56', 0),
(22, 'Magnesium ~ mg', 200, 800, '2014-05-21 06:36:14', '2014-05-21 06:36:14', 0),
(23, 'Zinc* ~ mg', 5, 45, '2014-05-21 06:36:33', '2014-05-21 06:36:33', 0),
(24, 'Iron ~ mg', 5, 50, '2014-05-21 06:44:09', '2014-05-21 06:44:09', 0),
(25, 'Selenium ~ ugm', 50, 200, '2014-05-21 06:44:32', '2014-05-21 06:44:32', 0),
(26, 'Copper ~ mg', 1, 5, '2014-05-21 06:54:57', '2014-05-21 06:54:57', 0),
(27, 'Manganese ~ mg', 1, 5, '2014-05-21 06:55:09', '2014-05-21 06:55:09', 0),
(28, 'Boron* ~ mg', 1, 5, '2014-05-21 06:55:22', '2014-05-21 06:55:22', 0),
(29, 'Molybdenum* ~ mg', 1, 5, '2014-05-21 06:55:37', '2014-05-21 06:55:37', 0);

-- --------------------------------------------------------

--
-- Table structure for table `choices`
--

CREATE TABLE IF NOT EXISTS `choices` (
  `id` bigint(20) NOT NULL AUTO_INCREMENT,
  `title` varchar(160) NOT NULL,
  `question_id` bigint(20) NOT NULL,
  `created` datetime NOT NULL,
  `modified` datetime NOT NULL,
  `status` tinyint(1) NOT NULL DEFAULT '1',
  PRIMARY KEY (`id`)
) ENGINE=MyISAM DEFAULT CHARSET=latin1 AUTO_INCREMENT=1 ;

-- --------------------------------------------------------

--
-- Table structure for table `contents`
--

CREATE TABLE IF NOT EXISTS `contents` (
  `id` int(20) NOT NULL AUTO_INCREMENT,
  `title` varchar(150) NOT NULL,
  `description` text NOT NULL,
  `users_id` bigint(20) NOT NULL,
  `created` datetime NOT NULL,
  `modified` datetime NOT NULL,
  `status` tinyint(1) NOT NULL DEFAULT '1',
  PRIMARY KEY (`id`)
) ENGINE=MyISAM DEFAULT CHARSET=latin1 AUTO_INCREMENT=1 ;

-- --------------------------------------------------------

--
-- Table structure for table `factors`
--

CREATE TABLE IF NOT EXISTS `factors` (
  `id` bigint(20) NOT NULL AUTO_INCREMENT,
  `name` varchar(150) NOT NULL,
  `description` text NOT NULL,
  `user_id` bigint(20) NOT NULL COMMENT 'creator id',
  `created` datetime NOT NULL,
  `modified` datetime NOT NULL,
  `status` tinyint(1) NOT NULL DEFAULT '1',
  PRIMARY KEY (`id`)
) ENGINE=MyISAM  DEFAULT CHARSET=latin1 AUTO_INCREMENT=522 ;

--
-- Dumping data for table `factors`
--

INSERT INTO `factors` (`id`, `name`, `description`, `user_id`, `created`, `modified`, `status`) VALUES
(1, 'Allergy', 'Allergy', 1, '2013-12-23 09:44:20', '2014-04-11 18:31:24', 1),
(2, 'Hypoglyc.', 'Hypoglyc.', 1, '2013-12-23 09:45:09', '2013-12-23 09:45:09', 1),
(3, 'Digestion', 'Digestion', 1, '2013-12-23 09:45:58', '2013-12-23 09:45:58', 1),
(4, 'B. Flora', 'B. Flora', 1, '2013-12-23 09:46:10', '2013-12-23 09:46:10', 1),
(5, 'Vit A', 'Vit A', 1, '2013-12-23 10:00:09', '2013-12-23 10:00:09', 1),
(6, 'Vit. B1', 'Vit. B1', 1, '2013-12-23 10:00:19', '2013-12-23 10:00:19', 1),
(7, 'Vit. B2', 'Vit. B2', 1, '2013-12-23 10:01:36', '2013-12-23 10:01:36', 1),
(8, 'Vit. B3', 'Vit. B3', 1, '2013-12-23 10:01:49', '2013-12-23 10:01:49', 1),
(9, 'Vit. B5', 'Vit. B5', 1, '2013-12-23 10:02:02', '2013-12-23 10:02:02', 1),
(10, 'Vit. B6', 'Vit. B6', 1, '2013-12-23 10:03:14', '2013-12-23 10:03:14', 1),
(11, 'Vit. B12', 'Vit. B12', 1, '2013-12-23 10:03:24', '2013-12-23 10:03:24', 1),
(12, 'Vit. C', 'Vit. C', 1, '2013-12-23 10:03:37', '2013-12-23 10:03:37', 1),
(13, 'Vit. D', 'Vit. D', 1, '2013-12-23 10:03:47', '2013-12-23 10:03:47', 1),
(14, 'Vit. E', 'Vit. E', 1, '2013-12-23 10:03:55', '2013-12-23 10:03:55', 1),
(15, 'Vit. K', 'Vit. K', 1, '2013-12-23 12:09:35', '2013-12-23 12:09:35', 1),
(16, 'Magnesium', 'Magnesium', 1, '2013-12-23 12:09:46', '2013-12-23 12:09:46', 1),
(17, 'Calcium', 'Calcium', 1, '2013-12-23 12:09:56', '2013-12-23 12:09:56', 1),
(18, 'Zinc', 'Zinc', 1, '2013-12-23 12:10:09', '2013-12-23 12:10:09', 1),
(19, 'Protein', 'Protein', 1, '2013-12-23 12:10:15', '2013-12-23 12:10:15', 1),
(20, 'Iron', 'Iron', 1, '2013-12-23 12:10:23', '2013-12-23 12:10:23', 1),
(21, 'EFA''s', 'EFA''s', 1, '2013-12-23 12:10:31', '2013-12-23 12:10:31', 1),
(22, 'Folate', 'Folate', 1, '2013-12-23 12:10:40', '2013-12-23 12:10:40', 1),
(23, 'Dopamine', 'Dopamine', 1, '2013-12-23 12:10:53', '2013-12-23 12:10:53', 1),
(24, 'Serotonin', 'Serotonin', 1, '2013-12-23 12:11:05', '2013-12-23 12:11:05', 1),
(25, 'Endorphin', 'Endorphin', 1, '2013-12-23 12:11:15', '2013-12-23 12:11:15', 1),
(26, 'A/Choline', 'A/Choline', 1, '2013-12-23 12:11:23', '2013-12-23 12:11:23', 1);

-- --------------------------------------------------------

--
-- Table structure for table `factors_questions`
--

CREATE TABLE IF NOT EXISTS `factors_questions` (
  `id` bigint(20) NOT NULL AUTO_INCREMENT,
  `factor_id` int(20) DEFAULT NULL,
  `question_id` int(20) DEFAULT NULL,
  `multiplier` int(5) DEFAULT '0',
  `created` datetime DEFAULT NULL,
  `modified` datetime DEFAULT NULL,
  `status` tinyint(1) DEFAULT '1',
  PRIMARY KEY (`id`)
) ENGINE=InnoDB  DEFAULT CHARSET=latin1 AUTO_INCREMENT=1084 ;

--
-- Dumping data for table `factors_questions`
--

INSERT INTO `factors_questions` (`id`, `factor_id`, `question_id`, `multiplier`, `created`, `modified`, `status`) VALUES
(1, 1, 5, 2, NULL, NULL, 1),
(2, 1, 6, 2, NULL, NULL, 1),
(3, 1, 8, 3, NULL, NULL, 1),
(4, 1, 9, 3, NULL, NULL, 1),
(5, 1, 19, 3, NULL, NULL, 1),
(6, 1, 24, 2, NULL, NULL, 1),
(7, 1, 31, 2, NULL, NULL, 1),
(8, 1, 32, 2, NULL, NULL, 1),
(9, 1, 38, 1, NULL, NULL, 1),
(10, 1, 41, 2, NULL, NULL, 1),
(11, 1, 45, 1, NULL, NULL, 1),
(12, 1, 46, 1, NULL, NULL, 1),
(13, 1, 74, 2, NULL, NULL, 1),
(14, 1, 75, 1, NULL, NULL, 1),
(15, 1, 87, 2, NULL, NULL, 1),
(16, 1, 90, 2, NULL, NULL, 1),
(17, 1, 91, 1, NULL, NULL, 1),
(18, 1, 93, 3, NULL, NULL, 1),
(19, 1, 94, 2, NULL, NULL, 1),
(20, 1, 96, 2, NULL, NULL, 1),
(21, 1, 101, 2, NULL, NULL, 1),
(22, 1, 106, 1, NULL, NULL, 1),
(23, 1, 107, 1, NULL, NULL, 1),
(24, 1, 108, 2, NULL, NULL, 1),
(25, 1, 110, 2, NULL, NULL, 1),
(26, 2, 15, 2, NULL, NULL, 1),
(27, 2, 31, 3, NULL, NULL, 1),
(28, 2, 32, 2, NULL, NULL, 1),
(29, 2, 37, 2, NULL, NULL, 1),
(30, 2, 38, 2, NULL, NULL, 1),
(31, 2, 40, 1, NULL, NULL, 1),
(32, 2, 42, 2, NULL, NULL, 1),
(33, 2, 50, 2, NULL, NULL, 1),
(34, 2, 74, 3, NULL, NULL, 1),
(35, 2, 75, 3, NULL, NULL, 1),
(36, 2, 76, 3, NULL, NULL, 1),
(37, 2, 77, 3, NULL, NULL, 1),
(38, 2, 78, 2, NULL, NULL, 1),
(39, 2, 79, 2, NULL, NULL, 1),
(40, 2, 80, 3, NULL, NULL, 1),
(41, 2, 81, 2, NULL, NULL, 1),
(42, 2, 82, 2, NULL, NULL, 1),
(43, 2, 83, 2, NULL, NULL, 1),
(44, 2, 84, 2, NULL, NULL, 1),
(45, 2, 85, 3, NULL, NULL, 1),
(46, 2, 86, 2, NULL, NULL, 1),
(47, 2, 87, 3, NULL, NULL, 1),
(48, 2, 88, 2, NULL, NULL, 1),
(49, 2, 89, 2, NULL, NULL, 1),
(50, 2, 90, 2, NULL, NULL, 1),
(51, 2, 91, 2, NULL, NULL, 1),
(52, 2, 92, 3, NULL, NULL, 1),
(53, 2, 93, 2, NULL, NULL, 1),
(54, 2, 94, 2, NULL, NULL, 1),
(55, 2, 95, 2, NULL, NULL, 1),
(56, 2, 96, 2, NULL, NULL, 1),
(57, 2, 97, 2, NULL, NULL, 1),
(58, 2, 98, 3, NULL, NULL, 1),
(59, 2, 99, 3, NULL, NULL, 1),
(60, 2, 100, 3, NULL, NULL, 1),
(61, 2, 101, 2, NULL, NULL, 1),
(62, 2, 102, 2, NULL, NULL, 1),
(63, 2, 103, 2, NULL, NULL, 1),
(64, 2, 104, 1, NULL, NULL, 1),
(65, 2, 105, 1, NULL, NULL, 1),
(66, 2, 106, 2, NULL, NULL, 1),
(67, 2, 107, 1, NULL, NULL, 1),
(68, 2, 108, 2, NULL, NULL, 1),
(69, 3, 5, 1, NULL, NULL, 1),
(70, 3, 6, 3, NULL, NULL, 1),
(71, 3, 9, 2, NULL, NULL, 1),
(72, 3, 24, 1, NULL, NULL, 1),
(73, 3, 53, 1, NULL, NULL, 1),
(74, 3, 54, 1, NULL, NULL, 1),
(75, 3, 56, 2, NULL, NULL, 1),
(76, 3, 61, 1, NULL, NULL, 1),
(77, 3, 75, 2, NULL, NULL, 1),
(78, 3, 76, 1, NULL, NULL, 1),
(79, 3, 85, 1, NULL, NULL, 1),
(80, 3, 88, 1, NULL, NULL, 1),
(81, 3, 89, 1, NULL, NULL, 1),
(82, 3, 107, 2, NULL, NULL, 1),
(83, 4, 5, 2, NULL, NULL, 1),
(84, 4, 6, 2, NULL, NULL, 1),
(85, 4, 7, 1, NULL, NULL, 1),
(86, 4, 9, 1, NULL, NULL, 1),
(87, 4, 10, 1, NULL, NULL, 1),
(88, 4, 11, 3, NULL, NULL, 1),
(89, 4, 37, 1, NULL, NULL, 1),
(90, 4, 46, 3, NULL, NULL, 1),
(91, 4, 61, 2, NULL, NULL, 1),
(92, 4, 62, 3, NULL, NULL, 1),
(93, 4, 87, 2, NULL, NULL, 1),
(94, 4, 93, 1, NULL, NULL, 1),
(95, 4, 110, 1, NULL, NULL, 1),
(96, 5, 3, 3, NULL, NULL, 1),
(97, 5, 4, 1, NULL, NULL, 1),
(98, 5, 9, 1, NULL, NULL, 1),
(99, 5, 19, 1, NULL, NULL, 1),
(100, 5, 20, 1, NULL, NULL, 1),
(101, 5, 61, 1, NULL, NULL, 1),
(102, 5, 62, 1, NULL, NULL, 1),
(103, 5, 64, 2, NULL, NULL, 1),
(104, 5, 66, 2, NULL, NULL, 1),
(105, 5, 67, 2, NULL, NULL, 1),
(106, 5, 109, 1, NULL, NULL, 1),
(107, 6, 13, 1, NULL, NULL, 1),
(108, 6, 14, 2, NULL, NULL, 1),
(109, 6, 15, 2, NULL, NULL, 1),
(110, 6, 16, 2, NULL, NULL, 1),
(111, 6, 23, 2, NULL, NULL, 1),
(112, 6, 32, 1, NULL, NULL, 1),
(113, 6, 41, 1, NULL, NULL, 1),
(114, 6, 45, 1, NULL, NULL, 1),
(115, 6, 47, 1, NULL, NULL, 1),
(116, 6, 52, 1, NULL, NULL, 1),
(117, 7, 1, 1, NULL, NULL, 1),
(118, 7, 17, 2, NULL, NULL, 1),
(119, 7, 18, 2, NULL, NULL, 1),
(120, 7, 19, 2, NULL, NULL, 1),
(121, 7, 20, 2, NULL, NULL, 1),
(122, 7, 21, 2, NULL, NULL, 1),
(123, 7, 22, 1, NULL, NULL, 1),
(124, 8, 5, 2, NULL, NULL, 1),
(125, 8, 6, 1, NULL, NULL, 1),
(126, 8, 10, 1, NULL, NULL, 1),
(127, 8, 14, 1, NULL, NULL, 1),
(128, 8, 17, 1, NULL, NULL, 1),
(129, 8, 18, 1, NULL, NULL, 1),
(130, 8, 32, 1, NULL, NULL, 1),
(131, 8, 35, 2, NULL, NULL, 1),
(132, 8, 36, 1, NULL, NULL, 1),
(133, 8, 37, 2, NULL, NULL, 1),
(134, 8, 38, 2, NULL, NULL, 1),
(135, 8, 39, 3, NULL, NULL, 1),
(136, 8, 40, 1, NULL, NULL, 1),
(137, 8, 41, 1, NULL, NULL, 1),
(138, 8, 77, 1, NULL, NULL, 1),
(139, 8, 81, 2, NULL, NULL, 1),
(140, 8, 83, 3, NULL, NULL, 1),
(141, 8, 86, 2, NULL, NULL, 1),
(142, 8, 91, 2, NULL, NULL, 1),
(143, 8, 96, 1, NULL, NULL, 1),
(144, 8, 110, 1, NULL, NULL, 1),
(145, 9, 25, 1, NULL, NULL, 1),
(146, 9, 42, 2, NULL, NULL, 1),
(147, 9, 43, 2, NULL, NULL, 1),
(148, 9, 44, 1, NULL, NULL, 1),
(149, 9, 45, 2, NULL, NULL, 1),
(150, 9, 46, 1, NULL, NULL, 1),
(151, 9, 74, 1, NULL, NULL, 1),
(152, 9, 88, 2, NULL, NULL, 1),
(153, 9, 91, 1, NULL, NULL, 1),
(154, 10, 8, 1, NULL, NULL, 1),
(155, 10, 15, 2, NULL, NULL, 1),
(156, 10, 16, 1, NULL, NULL, 1),
(157, 10, 18, 1, NULL, NULL, 1),
(158, 10, 21, 1, NULL, NULL, 1),
(159, 10, 22, 2, NULL, NULL, 1),
(160, 10, 23, 2, NULL, NULL, 1),
(161, 10, 24, 1, NULL, NULL, 1),
(162, 10, 25, 2, NULL, NULL, 1),
(163, 10, 26, 2, NULL, NULL, 1),
(164, 10, 27, 1, NULL, NULL, 1),
(165, 10, 28, 1, NULL, NULL, 1),
(166, 10, 29, 3, NULL, NULL, 1),
(167, 10, 30, 3, NULL, NULL, 1),
(168, 10, 31, 2, NULL, NULL, 1),
(169, 10, 32, 2, NULL, NULL, 1),
(170, 10, 33, 1, NULL, NULL, 1),
(171, 10, 34, 1, NULL, NULL, 1),
(172, 10, 35, 2, NULL, NULL, 1),
(173, 10, 36, 2, NULL, NULL, 1),
(174, 10, 40, 2, NULL, NULL, 1),
(175, 10, 41, 1, NULL, NULL, 1),
(176, 10, 43, 1, NULL, NULL, 1),
(177, 10, 50, 1, NULL, NULL, 1),
(178, 10, 56, 1, NULL, NULL, 1),
(179, 10, 57, 1, NULL, NULL, 1),
(180, 10, 59, 1, NULL, NULL, 1),
(181, 10, 78, 1, NULL, NULL, 1),
(182, 10, 80, 2, NULL, NULL, 1),
(183, 10, 81, 1, NULL, NULL, 1),
(184, 10, 82, 2, NULL, NULL, 1),
(185, 10, 84, 2, NULL, NULL, 1),
(186, 10, 86, 1, NULL, NULL, 1),
(187, 10, 92, 1, NULL, NULL, 1),
(188, 10, 96, 2, NULL, NULL, 1),
(189, 10, 110, 2, NULL, NULL, 1),
(190, 11, 37, 1, NULL, NULL, 1),
(191, 11, 44, 1, NULL, NULL, 1),
(192, 11, 45, 1, NULL, NULL, 1),
(193, 11, 47, 2, NULL, NULL, 1),
(194, 11, 48, 1, NULL, NULL, 1),
(195, 11, 49, 2, NULL, NULL, 1),
(196, 11, 50, 1, NULL, NULL, 1),
(197, 12, 8, 2, NULL, NULL, 1),
(198, 12, 9, 2, NULL, NULL, 1),
(199, 12, 10, 2, NULL, NULL, 1),
(200, 12, 11, 1, NULL, NULL, 1),
(201, 12, 12, 3, NULL, NULL, 1),
(202, 12, 13, 2, NULL, NULL, 1),
(203, 12, 42, 1, NULL, NULL, 1),
(204, 12, 54, 1, NULL, NULL, 1),
(205, 12, 57, 1, NULL, NULL, 1),
(206, 12, 62, 1, NULL, NULL, 1),
(207, 12, 101, 1, NULL, NULL, 1),
(208, 12, 104, 1, NULL, NULL, 1),
(209, 12, 105, 1, NULL, NULL, 1),
(210, 13, 19, 1, NULL, NULL, 1),
(211, 13, 20, 1, NULL, NULL, 1),
(212, 13, 101, 1, NULL, NULL, 1),
(213, 13, 102, 1, NULL, NULL, 1),
(214, 13, 103, 1, NULL, NULL, 1),
(215, 13, 109, 2, NULL, NULL, 1),
(216, 14, 13, 2, NULL, NULL, 1),
(217, 14, 43, 1, NULL, NULL, 1),
(218, 14, 51, 1, NULL, NULL, 1),
(219, 14, 62, 2, NULL, NULL, 1),
(220, 14, 63, 2, NULL, NULL, 1),
(221, 14, 65, 1, NULL, NULL, 1),
(222, 14, 66, 1, NULL, NULL, 1),
(223, 14, 68, 1, NULL, NULL, 1),
(224, 14, 69, 3, NULL, NULL, 1),
(225, 14, 70, 3, NULL, NULL, 1),
(226, 14, 71, 3, NULL, NULL, 1),
(227, 14, 72, 2, NULL, NULL, 1),
(228, 14, 73, 2, NULL, NULL, 1),
(229, 14, 104, 1, NULL, NULL, 1),
(230, 14, 105, 2, NULL, NULL, 1),
(231, 15, 5, 1, NULL, NULL, 1),
(232, 15, 6, 1, NULL, NULL, 1),
(233, 15, 10, 1, NULL, NULL, 1),
(234, 15, 11, 2, NULL, NULL, 1),
(235, 15, 46, 1, NULL, NULL, 1),
(236, 15, 93, 1, NULL, NULL, 1),
(237, 16, 15, 3, NULL, NULL, 1),
(238, 16, 36, 2, NULL, NULL, 1),
(239, 16, 44, 1, NULL, NULL, 1),
(240, 16, 46, 2, NULL, NULL, 1),
(241, 16, 48, 2, NULL, NULL, 1),
(242, 16, 51, 2, NULL, NULL, 1),
(243, 16, 52, 3, NULL, NULL, 1),
(244, 16, 71, 1, NULL, NULL, 1),
(245, 16, 80, 2, NULL, NULL, 1),
(246, 16, 82, 2, NULL, NULL, 1),
(247, 16, 84, 1, NULL, NULL, 1),
(248, 16, 87, 2, NULL, NULL, 1),
(249, 16, 101, 2, NULL, NULL, 1),
(250, 16, 102, 2, NULL, NULL, 1),
(251, 16, 103, 2, NULL, NULL, 1),
(252, 16, 106, 1, NULL, NULL, 1),
(253, 17, 12, 2, NULL, NULL, 1),
(254, 17, 15, 1, NULL, NULL, 1),
(255, 17, 44, 2, NULL, NULL, 1),
(256, 17, 51, 3, NULL, NULL, 1),
(257, 17, 52, 1, NULL, NULL, 1),
(258, 17, 58, 1, NULL, NULL, 1),
(259, 17, 93, 2, NULL, NULL, 1),
(260, 17, 106, 1, NULL, NULL, 1),
(261, 18, 1, 2, NULL, NULL, 1),
(263, 18, 3, 1, NULL, NULL, 1),
(264, 18, 4, 1, NULL, NULL, 1),
(268, 18, 8, 2, NULL, NULL, 1),
(313, 18, 53, 3, NULL, NULL, 1),
(314, 18, 54, 3, NULL, NULL, 1),
(315, 18, 55, 3, NULL, NULL, 1),
(316, 18, 56, 2, NULL, NULL, 1),
(317, 18, 57, 1, NULL, NULL, 1),
(318, 18, 58, 2, NULL, NULL, 1),
(319, 18, 59, 2, NULL, NULL, 1),
(320, 18, 60, 2, NULL, NULL, 1),
(321, 18, 61, 2, NULL, NULL, 1),
(322, 18, 62, 2, NULL, NULL, 1),
(371, 19, 1, 3, NULL, NULL, 1),
(372, 19, 2, 2, NULL, NULL, 1),
(420, 19, 50, 2, NULL, NULL, 1),
(423, 19, 53, 1, NULL, NULL, 1),
(424, 19, 54, 2, NULL, NULL, 1),
(425, 19, 55, 1, NULL, NULL, 1),
(426, 19, 56, 3, NULL, NULL, 1),
(427, 19, 57, 2, NULL, NULL, 1),
(428, 19, 58, 2, NULL, NULL, 1),
(429, 19, 59, 1, NULL, NULL, 1),
(434, 19, 64, 1, NULL, NULL, 1),
(444, 19, 74, 3, NULL, NULL, 1),
(459, 19, 89, 1, NULL, NULL, 1),
(460, 19, 90, 3, NULL, NULL, 1),
(461, 19, 91, 1, NULL, NULL, 1),
(468, 19, 98, 1, NULL, NULL, 1),
(470, 19, 100, 1, NULL, NULL, 1),
(475, 19, 105, 2, NULL, NULL, 1),
(498, 20, 18, 1, NULL, NULL, 1),
(505, 20, 25, 1, NULL, NULL, 1),
(517, 20, 37, 1, NULL, NULL, 1),
(520, 20, 40, 1, NULL, NULL, 1),
(523, 20, 43, 2, NULL, NULL, 1),
(530, 20, 50, 1, NULL, NULL, 1),
(535, 20, 55, 1, NULL, NULL, 1),
(547, 20, 67, 1, NULL, NULL, 1),
(554, 20, 74, 2, NULL, NULL, 1),
(584, 20, 104, 2, NULL, NULL, 1),
(594, 21, 4, 2, NULL, NULL, 1),
(602, 21, 12, 1, NULL, NULL, 1),
(611, 21, 21, 3, NULL, NULL, 1),
(612, 21, 22, 1, NULL, NULL, 1),
(614, 21, 24, 2, NULL, NULL, 1),
(617, 21, 27, 2, NULL, NULL, 1),
(636, 21, 46, 2, NULL, NULL, 1),
(647, 21, 57, 2, NULL, NULL, 1),
(653, 21, 63, 3, NULL, NULL, 1),
(655, 21, 65, 2, NULL, NULL, 1),
(656, 21, 66, 1, NULL, NULL, 1),
(657, 21, 67, 3, NULL, NULL, 1),
(661, 21, 71, 1, NULL, NULL, 1),
(662, 21, 72, 1, NULL, NULL, 1),
(663, 21, 73, 1, NULL, NULL, 1),
(701, 22, 14, 1, NULL, NULL, 1),
(702, 22, 18, 1, NULL, NULL, 1),
(703, 22, 50, 2, NULL, NULL, 1),
(728, 23, 25, 1, NULL, NULL, 1),
(736, 23, 33, 2, NULL, NULL, 1),
(743, 23, 40, 2, NULL, NULL, 1),
(746, 23, 43, 2, NULL, NULL, 1),
(783, 23, 80, 1, NULL, NULL, 1),
(784, 23, 81, 1, NULL, NULL, 1),
(791, 23, 88, 1, NULL, NULL, 1),
(796, 23, 93, 1, NULL, NULL, 1),
(800, 23, 97, 2, NULL, NULL, 1),
(803, 23, 100, 1, NULL, NULL, 1),
(808, 23, 105, 2, NULL, NULL, 1),
(809, 23, 106, 2, NULL, NULL, 1),
(810, 23, 107, 1, NULL, NULL, 1),
(811, 23, 108, 1, NULL, NULL, 1),
(842, 24, 29, 1, NULL, NULL, 1),
(843, 24, 30, 1, NULL, NULL, 1),
(844, 24, 31, 1, NULL, NULL, 1),
(848, 24, 35, 1, NULL, NULL, 1),
(849, 24, 36, 2, NULL, NULL, 1),
(855, 24, 42, 1, NULL, NULL, 1),
(889, 24, 76, 1, NULL, NULL, 1),
(891, 24, 78, 1, NULL, NULL, 1),
(892, 24, 79, 1, NULL, NULL, 1),
(895, 24, 82, 1, NULL, NULL, 1),
(897, 24, 84, 1, NULL, NULL, 1),
(900, 24, 87, 1, NULL, NULL, 1),
(905, 24, 92, 3, NULL, NULL, 1),
(958, 25, 35, 2, NULL, NULL, 1),
(962, 25, 39, 2, NULL, NULL, 1),
(963, 25, 40, 3, NULL, NULL, 1),
(964, 25, 41, 3, NULL, NULL, 1),
(970, 25, 47, 1, NULL, NULL, 1),
(971, 25, 48, 1, NULL, NULL, 1),
(975, 25, 52, 2, NULL, NULL, 1),
(999, 25, 76, 2, NULL, NULL, 1),
(1000, 25, 77, 1, NULL, NULL, 1),
(1001, 25, 78, 2, NULL, NULL, 1),
(1002, 25, 79, 2, NULL, NULL, 1),
(1003, 25, 80, 2, NULL, NULL, 1),
(1004, 25, 81, 3, NULL, NULL, 1),
(1006, 25, 83, 1, NULL, NULL, 1),
(1009, 25, 86, 2, NULL, NULL, 1),
(1018, 25, 95, 3, NULL, NULL, 1),
(1020, 25, 97, 1, NULL, NULL, 1),
(1070, 26, 37, 2, NULL, NULL, 1),
(1071, 26, 38, 2, NULL, NULL, 1),
(1079, 26, 46, 2, NULL, NULL, 1),
(1080, 26, 47, 1, NULL, NULL, 1),
(1083, 26, 50, 2, NULL, NULL, 1);

-- --------------------------------------------------------

--
-- Table structure for table `groups`
--

CREATE TABLE IF NOT EXISTS `groups` (
  `id` int(11) NOT NULL AUTO_INCREMENT,
  `name` varchar(100) NOT NULL,
  `created` datetime DEFAULT NULL,
  `modified` datetime DEFAULT NULL,
  PRIMARY KEY (`id`)
) ENGINE=InnoDB  DEFAULT CHARSET=utf8 AUTO_INCREMENT=4 ;

--
-- Dumping data for table `groups`
--

INSERT INTO `groups` (`id`, `name`, `created`, `modified`) VALUES
(1, 'Admin', '2014-06-02 11:31:53', '2014-06-02 11:31:53'),
(2, 'Client', '2014-06-02 11:32:03', '2014-06-02 11:32:03'),
(3, 'Member', '2014-06-02 11:32:12', '2014-06-02 11:32:12');

-- --------------------------------------------------------

--
-- Table structure for table `histories`
--

CREATE TABLE IF NOT EXISTS `histories` (
  `id` bigint(20) NOT NULL AUTO_INCREMENT,
  `user_id` bigint(20) NOT NULL,
  `diagnostics` text NOT NULL,
  `created` datetime NOT NULL,
  `modified` datetime NOT NULL,
  `status` tinyint(1) NOT NULL DEFAULT '1',
  PRIMARY KEY (`id`)
) ENGINE=MyISAM DEFAULT CHARSET=latin1 AUTO_INCREMENT=1 ;

-- --------------------------------------------------------

--
-- Table structure for table `nutritional_guides`
--

CREATE TABLE IF NOT EXISTS `nutritional_guides` (
  `id` bigint(20) NOT NULL AUTO_INCREMENT,
  `title` varchar(60) NOT NULL,
  `description` text NOT NULL,
  `user_id` bigint(20) NOT NULL COMMENT 'creator id',
  `created` datetime NOT NULL,
  `modified` datetime NOT NULL,
  `status` tinyint(1) NOT NULL DEFAULT '1',
  PRIMARY KEY (`id`)
) ENGINE=MyISAM DEFAULT CHARSET=latin1 AUTO_INCREMENT=1 ;

-- --------------------------------------------------------

--
-- Table structure for table `performed_checks`
--

CREATE TABLE IF NOT EXISTS `performed_checks` (
  `id` bigint(20) NOT NULL AUTO_INCREMENT,
  `date` date NOT NULL,
  `created` datetime NOT NULL,
  `modified` datetime NOT NULL,
  `status` tinyint(1) NOT NULL DEFAULT '1',
  PRIMARY KEY (`id`)
) ENGINE=MyISAM DEFAULT CHARSET=latin1 AUTO_INCREMENT=1 ;

-- --------------------------------------------------------

--
-- Table structure for table `prescriptions`
--

CREATE TABLE IF NOT EXISTS `prescriptions` (
  `id` int(11) NOT NULL AUTO_INCREMENT,
  `factor_id` bigint(20) DEFAULT NULL,
  `functional_disturbance` text,
  `1_20` int(10) DEFAULT '0',
  `21_40` int(10) DEFAULT '0',
  `41_60` int(10) DEFAULT '0',
  `61_80` int(10) DEFAULT '0',
  `81_100` int(10) DEFAULT '0',
  `maximum_dosage` int(10) DEFAULT NULL,
  `created` datetime NOT NULL,
  `modified` datetime NOT NULL,
  `status` tinyint(1) NOT NULL DEFAULT '1',
  PRIMARY KEY (`id`)
) ENGINE=InnoDB  DEFAULT CHARSET=latin1 AUTO_INCREMENT=59 ;

--
-- Dumping data for table `prescriptions`
--

INSERT INTO `prescriptions` (`id`, `factor_id`, `functional_disturbance`, `1_20`, `21_40`, `41_60`, `61_80`, `81_100`, `maximum_dosage`, `created`, `modified`, `status`) VALUES
(1, 1, 'Vit C ~ mg', NULL, NULL, 500, 750, 100, NULL, '2014-05-21 03:21:50', '2014-05-21 09:21:33', 1),
(2, 1, 'Niacin ~ mg', NULL, NULL, 5, 10, 15, NULL, '2014-05-21 03:22:10', '2014-05-21 08:23:41', 1),
(3, 1, 'Mixed tocopherols ~ IU', 100, 150, 200, 250, 300, NULL, '2014-05-21 03:22:49', '2014-05-21 08:23:37', 1),
(4, 1, 'omega-3-EFAs ~ mg', NULL, NULL, 500, 1000, 1500, NULL, '2014-05-21 03:25:11', '2014-05-21 08:23:32', 1),
(5, 1, 'Quercetin ~ mg', NULL, NULL, 250, 500, 1000, NULL, '2014-05-21 03:25:50', '2014-05-21 08:23:27', 1),
(6, 1, 'Bromelain ~ mg', NULL, NULL, 200, 400, 600, NULL, '2014-05-21 03:27:55', '2014-05-21 08:23:22', 1),
(7, 2, 'Vit C ~ mg', 100, 250, 500, 750, 1000, NULL, '2014-05-21 03:28:53', '2014-05-21 08:27:56', 1),
(8, 2, 'Pyridoxal-5-phosphate ~ mg', NULL, NULL, 5, 10, 15, NULL, '2014-05-21 03:30:22', '2014-05-21 08:27:51', 1),
(9, 2, 'Riboflavin-5-phosphate ~ mg', NULL, NULL, 4, 6, 8, NULL, '2014-05-21 03:30:51', '2014-05-21 08:27:46', 1),
(10, 2, 'Zinc ~ mg', NULL, NULL, 5, 10, 15, NULL, '2014-05-21 03:32:31', '2014-05-21 08:27:41', 1),
(11, 2, 'Chromium ~ ugm', 100, 100, 200, 300, 400, NULL, '2014-05-21 03:33:04', '2014-05-21 08:27:35', 1),
(12, 2, 'Vanadium ~ ugm', NULL, NULL, 25, 50, 75, NULL, '2014-05-21 03:33:21', '2014-05-21 08:27:30', 1),
(13, 2, 'Boron* ~ mg', 1, 1, 2, 2, 3, NULL, '2014-05-21 03:33:42', '2014-05-21 08:27:25', 1),
(14, 2, 'Molybdenum* ~ mg', 1, 2, 3, 4, 5, NULL, '2014-05-21 03:34:08', '2014-05-21 08:27:20', 1),
(15, 2, 'Manganese ~ mg', 1, 2, 3, 4, 5, NULL, '2014-05-21 03:34:38', '2014-05-21 08:27:14', 1),
(16, 2, 'Iodine* ~ ugm', 25, 50, 75, 100, 125, NULL, '2014-05-21 03:35:20', '2014-05-21 08:27:09', 1),
(17, 2, 'Biotin ~ mg', 100, 150, 200, 250, 300, NULL, '2014-05-21 03:35:42', '2014-05-21 08:27:05', 1),
(18, 2, 'omega-3-EFAs ~ mg', 250, 500, 750, 1000, 1500, NULL, '2014-05-21 03:38:53', '2014-05-21 08:27:00', 1),
(19, 3, 'Betaine HCl ~ mg', NULL, 500, 500, 750, 1000, NULL, '2014-05-21 03:43:44', '2014-05-21 08:28:43', 1),
(20, 3, 'Pepsin ~ mg', NULL, 10, 20, 30, 40, NULL, '2014-05-21 03:44:12', '2014-05-21 08:28:48', 1),
(21, 3, 'Pancreatic enzymes', NULL, NULL, 500, 750, 1000, NULL, '2014-05-21 03:44:47', '2014-05-21 08:28:52', 1),
(22, 4, 'Probiotic (multibacterial) cap', NULL, NULL, 2, 2, 2, NULL, '2014-05-21 03:45:27', '2014-05-21 08:44:02', 1),
(23, 4, 'Oregon Grape root extract ~ mg', NULL, NULL, 200, 400, 400, NULL, '2014-05-21 03:56:00', '2014-05-21 08:44:07', 1),
(24, 4, 'Grapefruit seed extract ~ mg', NULL, NULL, 75, 150, 150, NULL, '2014-05-21 03:56:58', '2014-05-21 08:46:52', 1),
(25, 4, 'Undecenoic acid ~ mg', NULL, NULL, 50, 100, 150, NULL, '2014-05-21 03:57:14', '2014-05-21 08:46:57', 1),
(26, 5, 'Vitamin A* (IU)', 750, 1000, 1250, 1500, 2000, 2500, '2014-05-21 03:57:50', '2014-05-21 08:48:59', 1),
(27, NULL, 'B-Carotene* (IU)\r\n', 750, 1000, 1250, 1500, 2000, 2500, '2014-05-21 03:58:11', '2014-05-21 03:58:11', 1),
(28, 6, 'Thiamin (B1) ~ mg', 5, 10, 15, 20, 25, 200, '2014-05-21 03:58:43', '2014-05-21 08:49:59', 1),
(29, 7, 'Riboflavin-5-phosphate (B2) ~ mg', 5, 10, 15, 20, 25, 400, '2014-05-21 03:59:06', '2014-05-21 08:50:05', 1),
(30, 8, 'Niacin (B3) ~ mg', 5, 10, 15, 20, 25, 100, '2014-05-21 03:59:37', '2014-05-21 08:50:10', 1),
(31, 8, 'Niacinamide (B3) ~ mg', 10, 15, 30, 50, 75, 200, '2014-05-21 04:01:25', '2014-05-21 08:50:46', 1),
(32, 10, 'Pyridoxal-5-phosphate (B6) ~ mg', 10, 20, 30, 40, 50, 50, '2014-05-21 04:01:50', '2014-05-21 08:50:25', 1),
(33, 22, 'Folic Acid ~ ugm', 400, 600, 700, 800, 1000, 5000, '2014-05-21 04:02:12', '2014-05-22 05:16:41', 1),
(34, 11, 'Vitamin B12 ~ ugm', 50, 75, 100, 125, 150, 500, '2014-05-21 04:02:34', '2014-05-21 08:51:11', 1),
(35, 9, 'Pantothenic Acid (B5) ~ mg', 25, 50, 75, 100, 150, 1000, '2014-05-21 04:02:55', '2014-05-21 08:51:16', 1),
(36, 12, 'Vitamin C (mg)', 100, 150, 300, 500, 1000, 4000, '2014-05-21 04:12:47', '2014-05-21 08:53:01', 1),
(37, 13, 'Vitamin D* (IU)', 400, 600, 800, 1000, 2000, 2000, '2014-05-21 04:13:08', '2014-05-21 08:53:07', 1),
(38, 14, 'Vitamin E mixed tocopherols (IU)', 100, 150, 250, 500, 800, 1000, '2014-05-21 04:13:53', '2014-05-21 08:53:15', 1),
(39, 15, 'Vitamin K-2* ~ ugm', 10, 25, 50, 75, 100, 200, '2014-05-21 04:17:43', '2014-05-21 08:53:22', 1),
(40, 17, 'Calcium ~ mg', 500, 750, 1000, 1250, 1500, 1500, '2014-05-21 04:18:36', '2014-05-21 08:53:28', 1),
(41, 16, 'Magnesium ~ mg', 200, 300, 400, 500, 600, 800, '2014-05-21 04:20:30', '2014-05-21 08:55:54', 1),
(42, 18, 'Zinc* ~ mg', 5, 10, 15, 20, 30, 45, '2014-05-21 04:21:07', '2014-05-21 08:56:03', 1),
(43, 20, 'Iron ~ mg', 5, 10, 15, 20, 30, 50, '2014-05-21 04:21:26', '2014-05-21 08:56:08', 1),
(44, 21, 'EFA: omega-3-EFAs ~ mg', 500, 500, 1000, 1500, 2000, 3000, '2014-05-21 04:21:45', '2014-05-21 08:56:22', 1),
(45, 23, 'L-Tyrosine ~ mg', NULL, NULL, 400, 600, 800, NULL, '2014-05-21 04:26:11', '2014-05-21 08:56:55', 1),
(46, 23, 'Pyridoxal-5-phosphate (B6) ~ mg', NULL, NULL, 15, 30, 45, NULL, '2014-05-21 04:26:39', '2014-05-21 08:57:00', 1),
(47, 23, 'Vitamin C (mg)', NULL, NULL, 100, 250, 500, NULL, '2014-05-21 04:27:00', '2014-05-21 08:57:05', 1),
(48, 23, 'Zinc* ~ mg', NULL, NULL, 5, 10, 15, NULL, '2014-05-21 04:27:30', '2014-05-21 08:57:15', 1),
(49, 23, 'Magnesium ~ mg', NULL, NULL, 200, 300, 400, NULL, '2014-05-21 04:27:51', '2014-05-21 08:57:22', 1),
(50, 24, 'Hydroxytryptophan ~ mg', NULL, NULL, 50, 100, 150, NULL, '2014-05-21 04:28:21', '2014-05-21 08:58:42', 1),
(51, 24, 'Pyridoxal-5-phosphate (B6) ~ mg', NULL, NULL, 15, 30, 45, NULL, '2014-05-21 04:28:43', '2014-05-21 08:58:36', 1),
(52, 24, 'Vitamin C (mg)', NULL, NULL, 100, 250, 500, NULL, '2014-05-21 04:29:12', '2014-05-21 08:58:31', 1),
(53, 24, 'Zinc* ~ mg', NULL, NULL, 5, 10, 15, NULL, '2014-05-21 04:29:34', '2014-05-21 08:58:27', 1),
(54, 24, 'Magnesium ~ mg', NULL, NULL, 200, 300, 400, NULL, '2014-05-21 04:30:01', '2014-05-21 08:58:21', 1),
(55, 25, 'D-Phenylalanine ~ mg', NULL, NULL, 400, 600, 800, NULL, '2014-05-21 04:52:51', '2014-05-21 09:01:34', 1),
(56, 26, 'Choline ~ mg', 50, 75, 150, 300, 450, NULL, '2014-05-21 05:04:51', '2014-05-21 09:02:12', 1),
(57, 26, 'Phospholipid complex ~ mg', NULL, NULL, 500, 1000, 1500, NULL, '2014-05-21 05:08:49', '2014-05-21 09:02:08', 1),
(58, 26, 'Citicoline ~ mg', NULL, NULL, NULL, 750, 1500, NULL, '2014-05-21 05:10:00', '2014-05-21 09:02:03', 1);

-- --------------------------------------------------------

--
-- Table structure for table `qgroups`
--

CREATE TABLE IF NOT EXISTS `qgroups` (
  `id` bigint(20) NOT NULL AUTO_INCREMENT,
  `name` text NOT NULL,
  `user_id` bigint(20) DEFAULT NULL,
  `created` datetime NOT NULL,
  `modified` datetime NOT NULL,
  `status` tinyint(1) NOT NULL DEFAULT '1',
  PRIMARY KEY (`id`)
) ENGINE=InnoDB  DEFAULT CHARSET=latin1 AUTO_INCREMENT=7 ;

--
-- Dumping data for table `qgroups`
--

INSERT INTO `qgroups` (`id`, `name`, `user_id`, `created`, `modified`, `status`) VALUES
(1, 'Test1234', 3, '2014-05-14 09:33:20', '2014-05-20 05:36:47', 1),
(2, 'asdf asdf 1234', 3, '2014-05-15 11:22:23', '2014-05-19 03:57:06', 1),
(3, 'asdfasdfadsf', 3, '2014-05-15 11:28:27', '2014-05-20 06:58:52', 1),
(4, 'greg', NULL, '2014-05-27 06:55:52', '2014-05-27 06:55:52', 1),
(5, 'All Question Set', NULL, '2014-05-28 04:58:18', '2014-05-28 04:58:18', 1),
(6, 'Test per client', 3, '2014-06-10 10:58:07', '2014-06-10 10:58:07', 1);

-- --------------------------------------------------------

--
-- Table structure for table `questions`
--

CREATE TABLE IF NOT EXISTS `questions` (
  `id` bigint(20) NOT NULL AUTO_INCREMENT,
  `user_id` bigint(20) NOT NULL,
  `question` text NOT NULL,
  `created` datetime NOT NULL,
  `modified` datetime NOT NULL,
  `status` tinyint(1) NOT NULL DEFAULT '1',
  PRIMARY KEY (`id`)
) ENGINE=MyISAM  DEFAULT CHARSET=latin1 AUTO_INCREMENT=115 ;

--
-- Dumping data for table `questions`
--

INSERT INTO `questions` (`id`, `user_id`, `question`, `created`, `modified`, `status`) VALUES
(1, 1, 'Does your hair tend to fall out or break easily?', '2013-12-21 15:17:03', '2014-05-20 07:01:46', 1),
(2, 1, 'Have you been on a strict weight loss diet in the last 2 years?', '2013-12-21 15:17:29', '2013-12-21 15:17:29', 1),
(3, 1, 'Is your vision at dusk or at nighttime poorer now than before?', '2013-12-21 15:18:35', '2013-12-21 15:18:35', 1),
(4, 1, 'Is the skin on the back of your arms rough, thickened or scaly?', '2013-12-21 15:19:10', '2013-12-21 15:19:10', 1),
(5, 1, 'Do you suffer from flatulence?', '2013-12-21 15:19:33', '2013-12-21 15:19:33', 1),
(6, 1, 'Do you suffer from abdominal bloating especially after eating?', '2013-12-21 15:22:02', '2013-12-21 15:22:02', 1),
(7, 1, 'Do you have bad breath or a bad taste in the mouth especially on wakening?', '2013-12-21 15:22:40', '2013-12-21 15:22:40', 1),
(8, 1, 'Do you suffer from frequent coughs or colds?', '2013-12-21 15:22:59', '2013-12-21 15:22:59', 1),
(9, 1, 'Do you have chronic or recurrent sinus congestion or catarrh?', '2013-12-21 15:23:59', '2013-12-21 15:23:59', 1),
(10, 1, 'Do you get sore red gums or gums that bleed easily on brushing your teeth?', '2013-12-21 15:24:44', '2013-12-21 15:24:44', 1),
(11, 1, 'Do you find that you you bruise easily?', '2013-12-21 15:25:17', '2013-12-21 15:25:17', 1),
(12, 1, 'Do you suffer from excessive dental plaque and/or caries?', '2013-12-21 15:25:54', '2013-12-21 15:25:54', 1),
(13, 1, 'Do you get muscle tenderness or weakness in your legs?', '2013-12-21 15:27:04', '2013-12-21 15:27:04', 1),
(14, 1, 'Do you get a burning feeling in your tongue or lips?', '2013-12-21 15:27:23', '2013-12-21 15:27:23', 1),
(15, 1, 'Do you get palpitations, racing heartbeat or irregular heartbeat?', '2013-12-21 15:27:53', '2013-12-21 15:27:53', 1),
(16, 1, 'Do you get numbness or tingling sensations in your hands or feet?', '2013-12-21 15:29:59', '2013-12-21 15:29:59', 1),
(17, 1, 'Is your tongue sensitive to hot drinks or sore?', '2013-12-21 15:30:32', '2013-12-21 15:30:32', 1),
(18, 1, 'Do you get cracks or soreness in the corner of your mouth?', '2013-12-21 15:30:56', '2013-12-21 15:30:56', 1),
(19, 1, 'Do you get soreness, burning or gritty feelings in your eye?', '2013-12-21 15:31:58', '2013-12-21 15:31:58', 1),
(20, 1, 'Are you sensitive to bright lights?', '2013-12-21 15:32:24', '2013-12-21 15:32:24', 1),
(21, 1, 'Do you have a tendency to dandruff or excessive oily skin?', '2013-12-23 01:47:35', '2013-12-23 01:47:35', 1),
(22, 1, 'Do you get a reddish coloration around your nose and ears?', '2013-12-23 01:50:45', '2013-12-23 01:50:45', 1),
(23, 1, 'Do you drink more than 2 glasses or alcohol per day average?', '2013-12-23 01:51:17', '2013-12-23 01:51:17', 1),
(24, 1, 'Do you have a tendency towards eczema or other skin rashes?', '2013-12-23 01:51:45', '2013-12-23 01:51:45', 1),
(25, 1, 'Do you get dizzy or lightheaded on standing up?', '2013-12-23 01:52:27', '2013-12-23 01:52:27', 1),
(26, 1, 'Do you get swollen feet or do your shoes feel tight when you are on your feet  for a long time?', '2013-12-23 01:58:07', '2013-12-23 01:58:07', 1),
(27, 1, 'Do you tend to have cold fingers or toes especially at night?', '2013-12-23 02:19:53', '2013-12-23 02:19:53', 1),
(28, 1, 'Do your finger joints or toes feel stiff or sore on awakening?', '2013-12-23 02:22:13', '2013-12-23 02:22:13', 1),
(29, 1, 'Do yo find you don''t dream or dream infrequently?', '2013-12-23 02:22:54', '2013-12-23 02:22:54', 1),
(30, 1, 'Do you find it difficult to remember your dreams?', '2013-12-23 02:23:49', '2013-12-23 02:23:49', 1),
(31, 1, 'Do you crave sweet or sugary foods?', '2013-12-23 02:36:16', '2013-12-23 02:36:16', 1),
(32, 1, 'Do you eat white bread, pasta, sugar or white rice almost daily?', '2013-12-23 02:39:28', '2013-12-23 02:39:28', 1),
(33, 1, 'Do you sunburn easily?', '2013-12-23 02:40:11', '2013-12-23 02:40:11', 1),
(34, 1, 'Do you react to Monosodium Glutamate - that is, do you react to chinese food?', '2013-12-23 02:40:46', '2013-12-23 02:40:46', 1),
(35, 1, 'Do you tend to be easily excited or irritated?', '2013-12-23 02:41:03', '2013-12-23 02:41:03', 1),
(36, 1, 'Do you have trouble getting to sleep or suffer from restless sleep?', '2013-12-23 02:42:30', '2013-12-23 02:42:30', 1),
(37, 1, 'Do you find that your ability to concentrate is impaired?', '2013-12-23 02:46:28', '2013-12-23 02:46:28', 1),
(38, 1, 'Do you have trouble making decissions?', '2013-12-23 02:46:44', '2013-12-23 02:46:44', 1),
(39, 1, 'Do you often feel stressed or under strain?', '2013-12-23 02:47:04', '2013-12-23 02:47:04', 1),
(40, 1, 'Do you have a tendency to be moody or easily depressed?', '2013-12-23 02:47:56', '2013-12-23 02:47:56', 1),
(41, 1, 'Do you tend to suffer from episodic anxiety or panic attacks?', '2013-12-23 02:48:29', '2013-12-23 02:48:29', 1),
(42, 1, 'Do you feel tired on wakening in the morning?', '2013-12-23 02:48:58', '2013-12-23 02:48:58', 1),
(43, 1, 'Do you frequently feel excessively tired or exhausted?', '2013-12-23 02:49:26', '2013-12-23 02:49:26', 1),
(44, 1, 'Do you tend to get a dull ache in the small of the back?', '2013-12-23 02:49:52', '2013-12-23 02:49:52', 1),
(45, 1, 'Do you suffer from a burning sensation in the feet?', '2013-12-23 02:50:23', '2013-12-23 03:05:54', 1),
(46, 1, 'Do you suffer from constipation?', '2013-12-23 02:50:54', '2013-12-23 02:50:54', 1),
(47, 1, 'Do you find that your co-coordination has diminished?', '2013-12-23 02:51:24', '2013-12-23 02:51:24', 1),
(48, 1, 'Do you get a low back ache especially on getting up in the morning?', '2013-12-23 02:51:54', '2013-12-23 02:51:54', 1),
(49, 1, 'Do you get an ''electric shock'' type of sensation on bending your neck quickly?', '2013-12-23 02:52:40', '2013-12-23 02:52:40', 1),
(50, 1, 'Has your memory deteriorated?', '2013-12-23 02:52:56', '2013-12-23 02:52:56', 1),
(51, 1, 'Do you suffer from muscle twitching or cramping?', '2013-12-23 02:53:27', '2013-12-23 02:53:27', 1),
(52, 1, 'Ar you sensitive to loud sounds?', '2013-12-23 02:53:39', '2013-12-23 02:53:39', 1),
(53, 1, 'Do you find that your food tends to be tasteless?', '2013-12-23 02:53:57', '2013-12-23 02:53:57', 1),
(54, 1, 'Do you find that your cuts and sores tend to heal slowly?', '2013-12-23 02:54:26', '2013-12-23 02:54:26', 1),
(55, 1, 'Do you have white spots or streaks in your fingernails?', '2013-12-23 02:54:51', '2013-12-23 02:54:51', 1),
(56, 1, 'Do you have horizontal grooves in your fingernails?', '2013-12-23 02:58:22', '2013-12-23 04:06:38', 1),
(57, 1, 'Are your nails brittle or breaking easily?', '2013-12-23 02:58:36', '2013-12-23 04:06:50', 1),
(58, 1, 'Are your nails soft and papery?', '2013-12-23 02:59:14', '2013-12-23 04:07:00', 1),
(59, 1, 'Do you have stretch marks on your hips, stomach or buttocks?', '2013-12-23 03:00:48', '2013-12-23 04:07:09', 1),
(60, 1, 'Did you suffer from growing pains in the legs during your early teenage years?', '2013-12-23 03:01:20', '2013-12-23 04:07:25', 1),
(61, 1, 'Did you suffer from acne during your adolescence?', '2013-12-23 03:02:50', '2013-12-23 04:07:52', 1),
(62, 1, 'Did you suffer from acne after adolescence?', '2013-12-23 04:08:21', '2013-12-23 04:08:21', 1),
(63, 1, 'Do you suffer from dry or flakey skin?', '2013-12-23 04:08:52', '2013-12-23 04:08:52', 1),
(64, 1, 'Do your nails easily split or peel back?', '2013-12-23 04:09:21', '2013-12-23 04:09:21', 1),
(65, 1, 'Do you get irritation or itching inside your ears?', '2013-12-23 04:09:38', '2013-12-23 04:09:38', 1),
(66, 1, 'Does the skin on your face or upper chest feel dry or lumpy?', '2013-12-23 04:10:07', '2013-12-23 04:10:07', 1),
(67, 1, 'Is your hair dull or lusterless?', '2013-12-23 04:10:30', '2013-12-23 04:10:30', 1),
(68, 1, 'Is the skin on your heels thickened?', '2013-12-23 04:10:47', '2013-12-23 04:10:47', 1),
(69, 1, 'Is the skin on your heels cracked and/or painful?', '2013-12-23 04:29:32', '2013-12-23 04:29:32', 1),
(70, 1, 'Do you find you cannot fully straighten the 4th and 5th fingers of your hand?', '2013-12-23 04:31:54', '2013-12-23 04:31:54', 1),
(71, 1, 'Do you get pain or soreness in the muscles with walking?', '2013-12-23 04:32:46', '2013-12-23 04:32:46', 1),
(72, 1, 'Is the skin of your feet or toes pale and cold?', '2013-12-23 04:33:51', '2013-12-23 04:33:51', 1),
(73, 1, 'Are the nails of your toes thickened or deformed?', '2013-12-23 04:34:11', '2013-12-23 04:34:11', 1),
(74, 1, 'Do you find that you tire easily?', '2013-12-23 04:34:26', '2013-12-23 04:34:26', 1),
(75, 1, 'Do you get hungry between meals or at night?', '2013-12-23 04:34:50', '2013-12-23 04:34:50', 1),
(76, 1, 'Do you wake after a few hours sleep?', '2013-12-23 04:35:19', '2013-12-23 04:35:19', 1),
(77, 1, 'Do you feel scared for now obvious reason?', '2013-12-23 04:35:34', '2013-12-23 04:35:34', 1),
(78, 1, 'Do you frequently worry about things?', '2013-12-23 04:36:01', '2013-12-23 04:36:01', 1),
(79, 1, 'Do you get bouts of feeling insecure?', '2013-12-23 04:36:21', '2013-12-23 04:36:21', 1),
(80, 1, 'Do your feelings fluctuate quickly?', '2013-12-23 04:36:35', '2013-12-23 04:36:59', 1),
(81, 1, 'Do you tend to cry or feel like crying easily?', '2013-12-23 04:37:23', '2013-12-23 04:37:23', 1),
(82, 1, 'Do you have bouts of unreasonable anger or behavior?', '2013-12-23 04:38:32', '2013-12-23 04:38:32', 1),
(83, 1, 'Do you tend to magnify insignificant events?', '2013-12-23 04:48:17', '2013-12-23 04:48:17', 1),
(84, 1, 'Do you drink more than 2 cups of coffee or cola drinks per day?', '2013-12-23 04:56:10', '2013-12-23 04:56:10', 1),
(85, 1, 'Do you crave candy soft drinks or coffee between meals, or during the afternoon?', '2013-12-23 04:56:42', '2013-12-23 04:56:42', 1),
(86, 1, 'Do you find yourself unable to perform well under pressure?', '2013-12-23 04:57:10', '2013-12-23 04:57:10', 1),
(87, 1, 'Do you suffer from headaches?', '2013-12-23 04:57:23', '2013-12-23 04:57:23', 1),
(88, 1, 'Do you feel sleepy during the day?', '2013-12-23 04:57:40', '2013-12-23 04:57:40', 1),
(89, 1, 'Do you feel drowsy or sleepy after meals?', '2013-12-23 04:58:00', '2013-12-23 04:58:00', 1),
(90, 1, 'Do you have periods of low energy?', '2013-12-23 04:58:16', '2013-12-23 04:58:16', 1),
(91, 1, 'Do you have to push yourself to get things done?', '2013-12-23 04:58:39', '2013-12-23 04:58:39', 1),
(92, 1, 'Do you eat when nervous or tired?', '2013-12-23 04:58:50', '2013-12-23 04:58:50', 1),
(93, 1, 'Do you get stomach cramps or nervous stomach?', '2013-12-23 05:00:33', '2013-12-23 05:00:33', 1),
(94, 1, 'Do you find that eating gives you relief from tiredness?', '2013-12-23 05:01:08', '2013-12-23 05:01:08', 1),
(95, 1, 'Do you have suicidal thoughts or feelings?', '2013-12-23 05:01:25', '2013-12-23 05:01:25', 1),
(96, 1, 'Do you have feelings of hopelessness?', '2013-12-23 05:24:29', '2013-12-23 05:24:29', 1),
(97, 1, 'Do you get bad dreams nightmare or restless sleep?', '2013-12-23 05:24:49', '2013-12-23 05:24:49', 1),
(98, 1, 'Do you get irritable before meals?', '2013-12-23 05:25:04', '2013-12-23 05:25:04', 1),
(99, 1, 'Do you get shakey inside when hungry or after meals?', '2013-12-23 05:25:36', '2013-12-23 05:25:36', 1),
(100, 1, 'Do you feel faint or lightheaded if meals are delayed or missed?', '2013-12-23 05:26:07', '2013-12-23 05:26:07', 1),
(101, 1, 'Do you get generalised muscle aches and pains?', '2013-12-23 05:27:05', '2013-12-23 05:27:05', 1),
(102, 1, 'Do you suffer from pain in the neck and shoulder muscles?', '2013-12-23 05:28:40', '2013-12-23 05:28:40', 1),
(103, 1, 'Do you get blurred vision especially if tired or hungry?', '2013-12-23 05:29:42', '2013-12-23 05:29:42', 1),
(104, 1, 'Do you get short of breath on exertion?', '2013-12-23 05:30:49', '2013-12-23 05:30:49', 1),
(105, 1, 'Do you have a reduced sex drive?', '2013-12-23 05:31:12', '2013-12-23 05:31:12', 1),
(106, 1, 'Do you sweat excessively?', '2013-12-23 09:32:06', '2013-12-23 09:32:06', 1),
(107, 1, 'Do you find it difficult to maintain an ideal weight?', '2013-12-23 09:32:25', '2013-12-23 09:32:25', 1),
(108, 1, 'Do you have an excessive thirst or frequent urination?', '2013-12-23 09:32:47', '2013-12-23 09:32:47', 1),
(109, 1, 'Do you get sore aching eyes with intensive use?', '2013-12-23 09:33:11', '2013-12-23 09:33:11', 1),
(110, 1, 'Do you tend to get episodes of fluid retention?', '2013-12-23 09:33:27', '2013-12-23 09:33:27', 1);

-- --------------------------------------------------------

--
-- Table structure for table `questions_qgroups`
--

CREATE TABLE IF NOT EXISTS `questions_qgroups` (
  `id` bigint(20) NOT NULL AUTO_INCREMENT,
  `question_id` int(11) NOT NULL,
  `qgroup_id` int(11) NOT NULL,
  PRIMARY KEY (`id`)
) ENGINE=InnoDB  DEFAULT CHARSET=latin1 AUTO_INCREMENT=256 ;

--
-- Dumping data for table `questions_qgroups`
--

INSERT INTO `questions_qgroups` (`id`, `question_id`, `qgroup_id`) VALUES
(5, 2, 2),
(6, 4, 2),
(7, 1, 2),
(8, 3, 2),
(9, 5, 2),
(10, 8, 2),
(11, 10, 2),
(12, 11, 2),
(13, 15, 2),
(14, 16, 2),
(15, 19, 2),
(16, 20, 2),
(17, 1, 3),
(18, 2, 3),
(20, 5, 3),
(21, 6, 3),
(22, 11, 3),
(23, 13, 3),
(241, 107, 1),
(245, 1, 1),
(246, 6, 1),
(247, 3, 4),
(248, 4, 4),
(249, 7, 4),
(250, 8, 4),
(251, 103, 4),
(252, 0, 5),
(253, 2, 6),
(254, 7, 6),
(255, 10, 6);

-- --------------------------------------------------------

--
-- Table structure for table `templates`
--

CREATE TABLE IF NOT EXISTS `templates` (
  `id` bigint(20) NOT NULL AUTO_INCREMENT,
  `name` varchar(255) DEFAULT NULL,
  PRIMARY KEY (`id`)
) ENGINE=InnoDB DEFAULT CHARSET=latin1 AUTO_INCREMENT=1 ;

-- --------------------------------------------------------

--
-- Table structure for table `temp_answers`
--

CREATE TABLE IF NOT EXISTS `temp_answers` (
  `id` bigint(20) NOT NULL AUTO_INCREMENT,
  `ip_address` varchar(20) NOT NULL,
  `link` text NOT NULL,
  `question_id` bigint(20) NOT NULL,
  `factor_id` bigint(20) DEFAULT NULL,
  `choice_id` bigint(20) DEFAULT NULL,
  `rank` int(5) DEFAULT NULL,
  `answer` varchar(100) DEFAULT NULL,
  `created` datetime NOT NULL,
  `modified` datetime NOT NULL,
  `status` tinyint(1) NOT NULL DEFAULT '1',
  PRIMARY KEY (`id`)
) ENGINE=MyISAM  DEFAULT CHARSET=latin1 AUTO_INCREMENT=555 ;

--
-- Dumping data for table `temp_answers`
--

INSERT INTO `temp_answers` (`id`, `ip_address`, `link`, `question_id`, `factor_id`, `choice_id`, `rank`, `answer`, `created`, `modified`, `status`) VALUES
(111, '127.0.0.1', 'http://localnutricheck.com/questions/remote_nutrient_check', 1, NULL, NULL, 1, NULL, '2014-05-08 08:14:10', '2014-05-08 08:14:10', 1),
(112, '127.0.0.1', 'http://localnutricheck.com/questions/remote_nutrient_check', 2, NULL, NULL, 2, NULL, '2014-05-08 08:14:10', '2014-05-08 08:14:10', 1),
(113, '127.0.0.1', 'http://localnutricheck.com/questions/remote_nutrient_check', 3, NULL, NULL, 3, NULL, '2014-05-08 08:14:10', '2014-05-08 08:14:10', 1),
(114, '127.0.0.1', 'http://localnutricheck.com/questions/remote_nutrient_check', 4, NULL, NULL, NULL, NULL, '2014-05-08 08:14:10', '2014-05-08 08:14:10', 1),
(115, '127.0.0.1', 'http://localnutricheck.com/questions/remote_nutrient_check', 5, NULL, NULL, NULL, NULL, '2014-05-08 08:14:10', '2014-05-08 08:14:10', 1),
(116, '127.0.0.1', 'http://localnutricheck.com/questions/remote_nutrient_check', 6, NULL, NULL, NULL, NULL, '2014-05-08 08:14:10', '2014-05-08 08:14:10', 1),
(117, '127.0.0.1', 'http://localnutricheck.com/questions/remote_nutrient_check', 7, NULL, NULL, NULL, NULL, '2014-05-08 08:14:10', '2014-05-08 08:14:10', 1),
(118, '127.0.0.1', 'http://localnutricheck.com/questions/remote_nutrient_check', 8, NULL, NULL, NULL, NULL, '2014-05-08 08:14:10', '2014-05-08 08:14:10', 1),
(119, '127.0.0.1', 'http://localnutricheck.com/questions/remote_nutrient_check', 9, NULL, NULL, NULL, NULL, '2014-05-08 08:14:10', '2014-05-08 08:14:10', 1),
(120, '127.0.0.1', 'http://localnutricheck.com/questions/remote_nutrient_check', 10, NULL, NULL, NULL, NULL, '2014-05-08 08:14:10', '2014-05-08 08:14:10', 1),
(121, '127.0.0.1', 'http://localnutricheck.com/questions/remote_nutrient_check', 11, NULL, NULL, NULL, NULL, '2014-05-08 08:14:10', '2014-05-08 08:14:10', 1),
(122, '127.0.0.1', 'http://localnutricheck.com/questions/remote_nutrient_check', 12, NULL, NULL, NULL, NULL, '2014-05-08 08:14:10', '2014-05-08 08:14:10', 1),
(123, '127.0.0.1', 'http://localnutricheck.com/questions/remote_nutrient_check', 13, NULL, NULL, NULL, NULL, '2014-05-08 08:14:10', '2014-05-08 08:14:10', 1),
(124, '127.0.0.1', 'http://localnutricheck.com/questions/remote_nutrient_check', 14, NULL, NULL, NULL, NULL, '2014-05-08 08:14:10', '2014-05-08 08:14:10', 1),
(125, '127.0.0.1', 'http://localnutricheck.com/questions/remote_nutrient_check', 15, NULL, NULL, NULL, NULL, '2014-05-08 08:14:10', '2014-05-08 08:14:10', 1),
(126, '127.0.0.1', 'http://localnutricheck.com/questions/remote_nutrient_check', 16, NULL, NULL, NULL, NULL, '2014-05-08 08:14:10', '2014-05-08 08:14:10', 1),
(127, '127.0.0.1', 'http://localnutricheck.com/questions/remote_nutrient_check', 17, NULL, NULL, NULL, NULL, '2014-05-08 08:14:10', '2014-05-08 08:14:10', 1),
(128, '127.0.0.1', 'http://localnutricheck.com/questions/remote_nutrient_check', 18, NULL, NULL, NULL, NULL, '2014-05-08 08:14:10', '2014-05-08 08:14:10', 1),
(129, '127.0.0.1', 'http://localnutricheck.com/questions/remote_nutrient_check', 19, NULL, NULL, NULL, NULL, '2014-05-08 08:14:10', '2014-05-08 08:14:10', 1),
(130, '127.0.0.1', 'http://localnutricheck.com/questions/remote_nutrient_check', 20, NULL, NULL, NULL, NULL, '2014-05-08 08:14:10', '2014-05-08 08:14:10', 1),
(131, '127.0.0.1', 'http://localnutricheck.com/questions/remote_nutrient_check', 21, NULL, NULL, NULL, NULL, '2014-05-08 08:14:10', '2014-05-08 08:14:10', 1),
(132, '127.0.0.1', 'http://localnutricheck.com/questions/remote_nutrient_check', 22, NULL, NULL, NULL, NULL, '2014-05-08 08:14:10', '2014-05-08 08:14:10', 1),
(133, '127.0.0.1', 'http://localnutricheck.com/questions/remote_nutrient_check', 23, NULL, NULL, NULL, NULL, '2014-05-08 08:14:10', '2014-05-08 08:14:10', 1),
(134, '127.0.0.1', 'http://localnutricheck.com/questions/remote_nutrient_check', 24, NULL, NULL, NULL, NULL, '2014-05-08 08:14:10', '2014-05-08 08:14:10', 1),
(135, '127.0.0.1', 'http://localnutricheck.com/questions/remote_nutrient_check', 25, NULL, NULL, NULL, NULL, '2014-05-08 08:14:10', '2014-05-08 08:14:10', 1),
(136, '127.0.0.1', 'http://localnutricheck.com/questions/remote_nutrient_check', 26, NULL, NULL, NULL, NULL, '2014-05-08 08:14:10', '2014-05-08 08:14:10', 1),
(137, '127.0.0.1', 'http://localnutricheck.com/questions/remote_nutrient_check', 27, NULL, NULL, NULL, NULL, '2014-05-08 08:14:10', '2014-05-08 08:14:10', 1),
(138, '127.0.0.1', 'http://localnutricheck.com/questions/remote_nutrient_check', 28, NULL, NULL, NULL, NULL, '2014-05-08 08:14:10', '2014-05-08 08:14:10', 1),
(139, '127.0.0.1', 'http://localnutricheck.com/questions/remote_nutrient_check', 29, NULL, NULL, NULL, NULL, '2014-05-08 08:14:10', '2014-05-08 08:14:10', 1),
(140, '127.0.0.1', 'http://localnutricheck.com/questions/remote_nutrient_check', 30, NULL, NULL, NULL, NULL, '2014-05-08 08:14:10', '2014-05-08 08:14:10', 1),
(141, '127.0.0.1', 'http://localnutricheck.com/questions/remote_nutrient_check', 31, NULL, NULL, NULL, NULL, '2014-05-08 08:14:10', '2014-05-08 08:14:10', 1),
(142, '127.0.0.1', 'http://localnutricheck.com/questions/remote_nutrient_check', 32, NULL, NULL, NULL, NULL, '2014-05-08 08:14:10', '2014-05-08 08:14:10', 1),
(143, '127.0.0.1', 'http://localnutricheck.com/questions/remote_nutrient_check', 33, NULL, NULL, NULL, NULL, '2014-05-08 08:14:10', '2014-05-08 08:14:10', 1),
(144, '127.0.0.1', 'http://localnutricheck.com/questions/remote_nutrient_check', 34, NULL, NULL, NULL, NULL, '2014-05-08 08:14:10', '2014-05-08 08:14:10', 1),
(145, '127.0.0.1', 'http://localnutricheck.com/questions/remote_nutrient_check', 35, NULL, NULL, NULL, NULL, '2014-05-08 08:14:10', '2014-05-08 08:14:10', 1),
(146, '127.0.0.1', 'http://localnutricheck.com/questions/remote_nutrient_check', 36, NULL, NULL, NULL, NULL, '2014-05-08 08:14:10', '2014-05-08 08:14:10', 1),
(147, '127.0.0.1', 'http://localnutricheck.com/questions/remote_nutrient_check', 37, NULL, NULL, NULL, NULL, '2014-05-08 08:14:10', '2014-05-08 08:14:10', 1),
(148, '127.0.0.1', 'http://localnutricheck.com/questions/remote_nutrient_check', 38, NULL, NULL, NULL, NULL, '2014-05-08 08:14:10', '2014-05-08 08:14:10', 1),
(149, '127.0.0.1', 'http://localnutricheck.com/questions/remote_nutrient_check', 39, NULL, NULL, NULL, NULL, '2014-05-08 08:14:10', '2014-05-08 08:14:10', 1),
(150, '127.0.0.1', 'http://localnutricheck.com/questions/remote_nutrient_check', 40, NULL, NULL, NULL, NULL, '2014-05-08 08:14:10', '2014-05-08 08:14:10', 1),
(151, '127.0.0.1', 'http://localnutricheck.com/questions/remote_nutrient_check', 41, NULL, NULL, NULL, NULL, '2014-05-08 08:14:10', '2014-05-08 08:14:10', 1),
(152, '127.0.0.1', 'http://localnutricheck.com/questions/remote_nutrient_check', 42, NULL, NULL, NULL, NULL, '2014-05-08 08:14:10', '2014-05-08 08:14:10', 1),
(153, '127.0.0.1', 'http://localnutricheck.com/questions/remote_nutrient_check', 43, NULL, NULL, NULL, NULL, '2014-05-08 08:14:10', '2014-05-08 08:14:10', 1),
(154, '127.0.0.1', 'http://localnutricheck.com/questions/remote_nutrient_check', 44, NULL, NULL, NULL, NULL, '2014-05-08 08:14:10', '2014-05-08 08:14:10', 1),
(155, '127.0.0.1', 'http://localnutricheck.com/questions/remote_nutrient_check', 45, NULL, NULL, NULL, NULL, '2014-05-08 08:14:10', '2014-05-08 08:14:10', 1),
(156, '127.0.0.1', 'http://localnutricheck.com/questions/remote_nutrient_check', 46, NULL, NULL, NULL, NULL, '2014-05-08 08:14:10', '2014-05-08 08:14:10', 1),
(157, '127.0.0.1', 'http://localnutricheck.com/questions/remote_nutrient_check', 47, NULL, NULL, NULL, NULL, '2014-05-08 08:14:10', '2014-05-08 08:14:10', 1),
(158, '127.0.0.1', 'http://localnutricheck.com/questions/remote_nutrient_check', 48, NULL, NULL, NULL, NULL, '2014-05-08 08:14:10', '2014-05-08 08:14:10', 1),
(159, '127.0.0.1', 'http://localnutricheck.com/questions/remote_nutrient_check', 49, NULL, NULL, NULL, NULL, '2014-05-08 08:14:10', '2014-05-08 08:14:10', 1),
(160, '127.0.0.1', 'http://localnutricheck.com/questions/remote_nutrient_check', 50, NULL, NULL, NULL, NULL, '2014-05-08 08:14:10', '2014-05-08 08:14:10', 1),
(161, '127.0.0.1', 'http://localnutricheck.com/questions/remote_nutrient_check', 51, NULL, NULL, NULL, NULL, '2014-05-08 08:14:10', '2014-05-08 08:14:10', 1),
(162, '127.0.0.1', 'http://localnutricheck.com/questions/remote_nutrient_check', 52, NULL, NULL, NULL, NULL, '2014-05-08 08:14:10', '2014-05-08 08:14:10', 1),
(163, '127.0.0.1', 'http://localnutricheck.com/questions/remote_nutrient_check', 53, NULL, NULL, NULL, NULL, '2014-05-08 08:14:10', '2014-05-08 08:14:10', 1),
(164, '127.0.0.1', 'http://localnutricheck.com/questions/remote_nutrient_check', 54, NULL, NULL, NULL, NULL, '2014-05-08 08:14:10', '2014-05-08 08:14:10', 1),
(165, '127.0.0.1', 'http://localnutricheck.com/questions/remote_nutrient_check', 55, NULL, NULL, NULL, NULL, '2014-05-08 08:14:10', '2014-05-08 08:14:10', 1),
(166, '127.0.0.1', 'http://localnutricheck.com/questions/remote_nutrient_check', 56, NULL, NULL, NULL, NULL, '2014-05-08 08:14:10', '2014-05-08 08:14:10', 1),
(167, '127.0.0.1', 'http://localnutricheck.com/questions/remote_nutrient_check', 57, NULL, NULL, NULL, NULL, '2014-05-08 08:14:10', '2014-05-08 08:14:10', 1),
(168, '127.0.0.1', 'http://localnutricheck.com/questions/remote_nutrient_check', 58, NULL, NULL, NULL, NULL, '2014-05-08 08:14:10', '2014-05-08 08:14:10', 1),
(169, '127.0.0.1', 'http://localnutricheck.com/questions/remote_nutrient_check', 59, NULL, NULL, NULL, NULL, '2014-05-08 08:14:10', '2014-05-08 08:14:10', 1),
(170, '127.0.0.1', 'http://localnutricheck.com/questions/remote_nutrient_check', 60, NULL, NULL, NULL, NULL, '2014-05-08 08:14:10', '2014-05-08 08:14:10', 1),
(171, '127.0.0.1', 'http://localnutricheck.com/questions/remote_nutrient_check', 61, NULL, NULL, NULL, NULL, '2014-05-08 08:14:10', '2014-05-08 08:14:10', 1),
(172, '127.0.0.1', 'http://localnutricheck.com/questions/remote_nutrient_check', 62, NULL, NULL, NULL, NULL, '2014-05-08 08:14:10', '2014-05-08 08:14:10', 1),
(173, '127.0.0.1', 'http://localnutricheck.com/questions/remote_nutrient_check', 63, NULL, NULL, NULL, NULL, '2014-05-08 08:14:10', '2014-05-08 08:14:10', 1),
(174, '127.0.0.1', 'http://localnutricheck.com/questions/remote_nutrient_check', 64, NULL, NULL, NULL, NULL, '2014-05-08 08:14:10', '2014-05-08 08:14:10', 1),
(175, '127.0.0.1', 'http://localnutricheck.com/questions/remote_nutrient_check', 65, NULL, NULL, NULL, NULL, '2014-05-08 08:14:10', '2014-05-08 08:14:10', 1),
(176, '127.0.0.1', 'http://localnutricheck.com/questions/remote_nutrient_check', 66, NULL, NULL, NULL, NULL, '2014-05-08 08:14:10', '2014-05-08 08:14:10', 1),
(177, '127.0.0.1', 'http://localnutricheck.com/questions/remote_nutrient_check', 67, NULL, NULL, NULL, NULL, '2014-05-08 08:14:10', '2014-05-08 08:14:10', 1),
(178, '127.0.0.1', 'http://localnutricheck.com/questions/remote_nutrient_check', 68, NULL, NULL, NULL, NULL, '2014-05-08 08:14:10', '2014-05-08 08:14:10', 1),
(179, '127.0.0.1', 'http://localnutricheck.com/questions/remote_nutrient_check', 69, NULL, NULL, NULL, NULL, '2014-05-08 08:14:10', '2014-05-08 08:14:10', 1),
(180, '127.0.0.1', 'http://localnutricheck.com/questions/remote_nutrient_check', 70, NULL, NULL, NULL, NULL, '2014-05-08 08:14:10', '2014-05-08 08:14:10', 1),
(181, '127.0.0.1', 'http://localnutricheck.com/questions/remote_nutrient_check', 71, NULL, NULL, NULL, NULL, '2014-05-08 08:14:10', '2014-05-08 08:14:10', 1),
(182, '127.0.0.1', 'http://localnutricheck.com/questions/remote_nutrient_check', 72, NULL, NULL, NULL, NULL, '2014-05-08 08:14:10', '2014-05-08 08:14:10', 1),
(183, '127.0.0.1', 'http://localnutricheck.com/questions/remote_nutrient_check', 73, NULL, NULL, NULL, NULL, '2014-05-08 08:14:10', '2014-05-08 08:14:10', 1),
(184, '127.0.0.1', 'http://localnutricheck.com/questions/remote_nutrient_check', 74, NULL, NULL, NULL, NULL, '2014-05-08 08:14:10', '2014-05-08 08:14:10', 1),
(185, '127.0.0.1', 'http://localnutricheck.com/questions/remote_nutrient_check', 75, NULL, NULL, NULL, NULL, '2014-05-08 08:14:10', '2014-05-08 08:14:10', 1),
(186, '127.0.0.1', 'http://localnutricheck.com/questions/remote_nutrient_check', 76, NULL, NULL, NULL, NULL, '2014-05-08 08:14:10', '2014-05-08 08:14:10', 1),
(187, '127.0.0.1', 'http://localnutricheck.com/questions/remote_nutrient_check', 77, NULL, NULL, NULL, NULL, '2014-05-08 08:14:10', '2014-05-08 08:14:10', 1),
(188, '127.0.0.1', 'http://localnutricheck.com/questions/remote_nutrient_check', 78, NULL, NULL, NULL, NULL, '2014-05-08 08:14:10', '2014-05-08 08:14:10', 1),
(189, '127.0.0.1', 'http://localnutricheck.com/questions/remote_nutrient_check', 79, NULL, NULL, NULL, NULL, '2014-05-08 08:14:10', '2014-05-08 08:14:10', 1),
(190, '127.0.0.1', 'http://localnutricheck.com/questions/remote_nutrient_check', 80, NULL, NULL, NULL, NULL, '2014-05-08 08:14:10', '2014-05-08 08:14:10', 1),
(191, '127.0.0.1', 'http://localnutricheck.com/questions/remote_nutrient_check', 81, NULL, NULL, NULL, NULL, '2014-05-08 08:14:10', '2014-05-08 08:14:10', 1),
(192, '127.0.0.1', 'http://localnutricheck.com/questions/remote_nutrient_check', 82, NULL, NULL, NULL, NULL, '2014-05-08 08:14:10', '2014-05-08 08:14:10', 1),
(193, '127.0.0.1', 'http://localnutricheck.com/questions/remote_nutrient_check', 83, NULL, NULL, NULL, NULL, '2014-05-08 08:14:10', '2014-05-08 08:14:10', 1),
(194, '127.0.0.1', 'http://localnutricheck.com/questions/remote_nutrient_check', 84, NULL, NULL, NULL, NULL, '2014-05-08 08:14:10', '2014-05-08 08:14:10', 1),
(195, '127.0.0.1', 'http://localnutricheck.com/questions/remote_nutrient_check', 85, NULL, NULL, NULL, NULL, '2014-05-08 08:14:10', '2014-05-08 08:14:10', 1),
(196, '127.0.0.1', 'http://localnutricheck.com/questions/remote_nutrient_check', 86, NULL, NULL, NULL, NULL, '2014-05-08 08:14:10', '2014-05-08 08:14:10', 1),
(197, '127.0.0.1', 'http://localnutricheck.com/questions/remote_nutrient_check', 87, NULL, NULL, NULL, NULL, '2014-05-08 08:14:10', '2014-05-08 08:14:10', 1),
(198, '127.0.0.1', 'http://localnutricheck.com/questions/remote_nutrient_check', 88, NULL, NULL, NULL, NULL, '2014-05-08 08:14:10', '2014-05-08 08:14:10', 1),
(199, '127.0.0.1', 'http://localnutricheck.com/questions/remote_nutrient_check', 89, NULL, NULL, NULL, NULL, '2014-05-08 08:14:10', '2014-05-08 08:14:10', 1),
(200, '127.0.0.1', 'http://localnutricheck.com/questions/remote_nutrient_check', 90, NULL, NULL, NULL, NULL, '2014-05-08 08:14:10', '2014-05-08 08:14:10', 1),
(201, '127.0.0.1', 'http://localnutricheck.com/questions/remote_nutrient_check', 91, NULL, NULL, NULL, NULL, '2014-05-08 08:14:10', '2014-05-08 08:14:10', 1),
(202, '127.0.0.1', 'http://localnutricheck.com/questions/remote_nutrient_check', 92, NULL, NULL, NULL, NULL, '2014-05-08 08:14:10', '2014-05-08 08:14:10', 1),
(203, '127.0.0.1', 'http://localnutricheck.com/questions/remote_nutrient_check', 93, NULL, NULL, NULL, NULL, '2014-05-08 08:14:10', '2014-05-08 08:14:10', 1),
(204, '127.0.0.1', 'http://localnutricheck.com/questions/remote_nutrient_check', 94, NULL, NULL, NULL, NULL, '2014-05-08 08:14:10', '2014-05-08 08:14:10', 1),
(205, '127.0.0.1', 'http://localnutricheck.com/questions/remote_nutrient_check', 95, NULL, NULL, NULL, NULL, '2014-05-08 08:14:10', '2014-05-08 08:14:10', 1),
(206, '127.0.0.1', 'http://localnutricheck.com/questions/remote_nutrient_check', 96, NULL, NULL, NULL, NULL, '2014-05-08 08:14:10', '2014-05-08 08:14:10', 1),
(207, '127.0.0.1', 'http://localnutricheck.com/questions/remote_nutrient_check', 97, NULL, NULL, NULL, NULL, '2014-05-08 08:14:10', '2014-05-08 08:14:10', 1),
(208, '127.0.0.1', 'http://localnutricheck.com/questions/remote_nutrient_check', 98, NULL, NULL, NULL, NULL, '2014-05-08 08:14:10', '2014-05-08 08:14:10', 1),
(209, '127.0.0.1', 'http://localnutricheck.com/questions/remote_nutrient_check', 99, NULL, NULL, NULL, NULL, '2014-05-08 08:14:10', '2014-05-08 08:14:10', 1),
(210, '127.0.0.1', 'http://localnutricheck.com/questions/remote_nutrient_check', 100, NULL, NULL, NULL, NULL, '2014-05-08 08:14:10', '2014-05-08 08:14:10', 1),
(211, '127.0.0.1', 'http://localnutricheck.com/questions/remote_nutrient_check', 101, NULL, NULL, NULL, NULL, '2014-05-08 08:14:10', '2014-05-08 08:14:10', 1),
(212, '127.0.0.1', 'http://localnutricheck.com/questions/remote_nutrient_check', 102, NULL, NULL, NULL, NULL, '2014-05-08 08:14:10', '2014-05-08 08:14:10', 1),
(213, '127.0.0.1', 'http://localnutricheck.com/questions/remote_nutrient_check', 103, NULL, NULL, NULL, NULL, '2014-05-08 08:14:10', '2014-05-08 08:14:10', 1),
(214, '127.0.0.1', 'http://localnutricheck.com/questions/remote_nutrient_check', 104, NULL, NULL, NULL, NULL, '2014-05-08 08:14:10', '2014-05-08 08:14:10', 1),
(215, '127.0.0.1', 'http://localnutricheck.com/questions/remote_nutrient_check', 105, NULL, NULL, NULL, NULL, '2014-05-08 08:14:10', '2014-05-08 08:14:10', 1),
(216, '127.0.0.1', 'http://localnutricheck.com/questions/remote_nutrient_check', 106, NULL, NULL, NULL, NULL, '2014-05-08 08:14:10', '2014-05-08 08:14:10', 1),
(217, '127.0.0.1', 'http://localnutricheck.com/questions/remote_nutrient_check', 107, NULL, NULL, NULL, NULL, '2014-05-08 08:14:10', '2014-05-08 08:14:10', 1),
(218, '127.0.0.1', 'http://localnutricheck.com/questions/remote_nutrient_check', 108, NULL, NULL, NULL, NULL, '2014-05-08 08:14:10', '2014-05-08 08:14:10', 1),
(219, '127.0.0.1', 'http://localnutricheck.com/questions/remote_nutrient_check', 109, NULL, NULL, NULL, NULL, '2014-05-08 08:14:10', '2014-05-08 08:14:10', 1),
(220, '127.0.0.1', 'http://localnutricheck.com/questions/remote_nutrient_check', 110, NULL, NULL, NULL, NULL, '2014-05-08 08:14:10', '2014-05-08 08:14:10', 1),
(221, '127.0.0.1', 'http://localnutricheck.com/questions/remote_nutrient_check', 0, NULL, NULL, NULL, NULL, '2014-05-08 08:14:10', '2014-05-08 08:14:10', 1),
(222, '127.0.0.1', 'http://localnutricheck.com/questions/remote_nutrient_check', 1, NULL, NULL, NULL, NULL, '2014-05-08 08:52:52', '2014-05-08 08:52:52', 1),
(223, '127.0.0.1', 'http://localnutricheck.com/questions/remote_nutrient_check', 2, NULL, NULL, NULL, NULL, '2014-05-08 08:52:52', '2014-05-08 08:52:52', 1),
(224, '127.0.0.1', 'http://localnutricheck.com/questions/remote_nutrient_check', 3, NULL, NULL, NULL, NULL, '2014-05-08 08:52:52', '2014-05-08 08:52:52', 1),
(225, '127.0.0.1', 'http://localnutricheck.com/questions/remote_nutrient_check', 4, NULL, NULL, NULL, NULL, '2014-05-08 08:52:52', '2014-05-08 08:52:52', 1),
(226, '127.0.0.1', 'http://localnutricheck.com/questions/remote_nutrient_check', 5, NULL, NULL, NULL, NULL, '2014-05-08 08:52:52', '2014-05-08 08:52:52', 1),
(227, '127.0.0.1', 'http://localnutricheck.com/questions/remote_nutrient_check', 6, NULL, NULL, NULL, NULL, '2014-05-08 08:52:52', '2014-05-08 08:52:52', 1),
(228, '127.0.0.1', 'http://localnutricheck.com/questions/remote_nutrient_check', 7, NULL, NULL, NULL, NULL, '2014-05-08 08:52:52', '2014-05-08 08:52:52', 1),
(229, '127.0.0.1', 'http://localnutricheck.com/questions/remote_nutrient_check', 8, NULL, NULL, NULL, NULL, '2014-05-08 08:52:52', '2014-05-08 08:52:52', 1),
(230, '127.0.0.1', 'http://localnutricheck.com/questions/remote_nutrient_check', 9, NULL, NULL, NULL, NULL, '2014-05-08 08:52:52', '2014-05-08 08:52:52', 1),
(231, '127.0.0.1', 'http://localnutricheck.com/questions/remote_nutrient_check', 10, NULL, NULL, NULL, NULL, '2014-05-08 08:52:52', '2014-05-08 08:52:52', 1),
(232, '127.0.0.1', 'http://localnutricheck.com/questions/remote_nutrient_check', 11, NULL, NULL, NULL, NULL, '2014-05-08 08:52:52', '2014-05-08 08:52:52', 1),
(233, '127.0.0.1', 'http://localnutricheck.com/questions/remote_nutrient_check', 12, NULL, NULL, NULL, NULL, '2014-05-08 08:52:52', '2014-05-08 08:52:52', 1),
(234, '127.0.0.1', 'http://localnutricheck.com/questions/remote_nutrient_check', 13, NULL, NULL, NULL, NULL, '2014-05-08 08:52:52', '2014-05-08 08:52:52', 1),
(235, '127.0.0.1', 'http://localnutricheck.com/questions/remote_nutrient_check', 14, NULL, NULL, NULL, NULL, '2014-05-08 08:52:52', '2014-05-08 08:52:52', 1),
(236, '127.0.0.1', 'http://localnutricheck.com/questions/remote_nutrient_check', 15, NULL, NULL, NULL, NULL, '2014-05-08 08:52:52', '2014-05-08 08:52:52', 1),
(237, '127.0.0.1', 'http://localnutricheck.com/questions/remote_nutrient_check', 16, NULL, NULL, NULL, NULL, '2014-05-08 08:52:52', '2014-05-08 08:52:52', 1),
(238, '127.0.0.1', 'http://localnutricheck.com/questions/remote_nutrient_check', 17, NULL, NULL, NULL, NULL, '2014-05-08 08:52:52', '2014-05-08 08:52:52', 1),
(239, '127.0.0.1', 'http://localnutricheck.com/questions/remote_nutrient_check', 18, NULL, NULL, NULL, NULL, '2014-05-08 08:52:52', '2014-05-08 08:52:52', 1),
(240, '127.0.0.1', 'http://localnutricheck.com/questions/remote_nutrient_check', 19, NULL, NULL, NULL, NULL, '2014-05-08 08:52:52', '2014-05-08 08:52:52', 1),
(241, '127.0.0.1', 'http://localnutricheck.com/questions/remote_nutrient_check', 20, NULL, NULL, NULL, NULL, '2014-05-08 08:52:52', '2014-05-08 08:52:52', 1),
(242, '127.0.0.1', 'http://localnutricheck.com/questions/remote_nutrient_check', 21, NULL, NULL, NULL, NULL, '2014-05-08 08:52:52', '2014-05-08 08:52:52', 1),
(243, '127.0.0.1', 'http://localnutricheck.com/questions/remote_nutrient_check', 22, NULL, NULL, NULL, NULL, '2014-05-08 08:52:52', '2014-05-08 08:52:52', 1),
(244, '127.0.0.1', 'http://localnutricheck.com/questions/remote_nutrient_check', 23, NULL, NULL, NULL, NULL, '2014-05-08 08:52:52', '2014-05-08 08:52:52', 1),
(245, '127.0.0.1', 'http://localnutricheck.com/questions/remote_nutrient_check', 24, NULL, NULL, NULL, NULL, '2014-05-08 08:52:52', '2014-05-08 08:52:52', 1),
(246, '127.0.0.1', 'http://localnutricheck.com/questions/remote_nutrient_check', 25, NULL, NULL, NULL, NULL, '2014-05-08 08:52:52', '2014-05-08 08:52:52', 1),
(247, '127.0.0.1', 'http://localnutricheck.com/questions/remote_nutrient_check', 26, NULL, NULL, NULL, NULL, '2014-05-08 08:52:52', '2014-05-08 08:52:52', 1),
(248, '127.0.0.1', 'http://localnutricheck.com/questions/remote_nutrient_check', 27, NULL, NULL, NULL, NULL, '2014-05-08 08:52:52', '2014-05-08 08:52:52', 1),
(249, '127.0.0.1', 'http://localnutricheck.com/questions/remote_nutrient_check', 28, NULL, NULL, NULL, NULL, '2014-05-08 08:52:52', '2014-05-08 08:52:52', 1),
(250, '127.0.0.1', 'http://localnutricheck.com/questions/remote_nutrient_check', 29, NULL, NULL, NULL, NULL, '2014-05-08 08:52:52', '2014-05-08 08:52:52', 1),
(251, '127.0.0.1', 'http://localnutricheck.com/questions/remote_nutrient_check', 30, NULL, NULL, NULL, NULL, '2014-05-08 08:52:52', '2014-05-08 08:52:52', 1),
(252, '127.0.0.1', 'http://localnutricheck.com/questions/remote_nutrient_check', 31, NULL, NULL, NULL, NULL, '2014-05-08 08:52:52', '2014-05-08 08:52:52', 1),
(253, '127.0.0.1', 'http://localnutricheck.com/questions/remote_nutrient_check', 32, NULL, NULL, NULL, NULL, '2014-05-08 08:52:52', '2014-05-08 08:52:52', 1),
(254, '127.0.0.1', 'http://localnutricheck.com/questions/remote_nutrient_check', 33, NULL, NULL, NULL, NULL, '2014-05-08 08:52:52', '2014-05-08 08:52:52', 1),
(255, '127.0.0.1', 'http://localnutricheck.com/questions/remote_nutrient_check', 34, NULL, NULL, NULL, NULL, '2014-05-08 08:52:52', '2014-05-08 08:52:52', 1),
(256, '127.0.0.1', 'http://localnutricheck.com/questions/remote_nutrient_check', 35, NULL, NULL, NULL, NULL, '2014-05-08 08:52:52', '2014-05-08 08:52:52', 1),
(257, '127.0.0.1', 'http://localnutricheck.com/questions/remote_nutrient_check', 36, NULL, NULL, NULL, NULL, '2014-05-08 08:52:52', '2014-05-08 08:52:52', 1),
(258, '127.0.0.1', 'http://localnutricheck.com/questions/remote_nutrient_check', 37, NULL, NULL, NULL, NULL, '2014-05-08 08:52:52', '2014-05-08 08:52:52', 1),
(259, '127.0.0.1', 'http://localnutricheck.com/questions/remote_nutrient_check', 38, NULL, NULL, NULL, NULL, '2014-05-08 08:52:52', '2014-05-08 08:52:52', 1),
(260, '127.0.0.1', 'http://localnutricheck.com/questions/remote_nutrient_check', 39, NULL, NULL, NULL, NULL, '2014-05-08 08:52:52', '2014-05-08 08:52:52', 1),
(261, '127.0.0.1', 'http://localnutricheck.com/questions/remote_nutrient_check', 40, NULL, NULL, NULL, NULL, '2014-05-08 08:52:52', '2014-05-08 08:52:52', 1),
(262, '127.0.0.1', 'http://localnutricheck.com/questions/remote_nutrient_check', 41, NULL, NULL, NULL, NULL, '2014-05-08 08:52:52', '2014-05-08 08:52:52', 1),
(263, '127.0.0.1', 'http://localnutricheck.com/questions/remote_nutrient_check', 42, NULL, NULL, NULL, NULL, '2014-05-08 08:52:52', '2014-05-08 08:52:52', 1),
(264, '127.0.0.1', 'http://localnutricheck.com/questions/remote_nutrient_check', 43, NULL, NULL, NULL, NULL, '2014-05-08 08:52:52', '2014-05-08 08:52:52', 1),
(265, '127.0.0.1', 'http://localnutricheck.com/questions/remote_nutrient_check', 44, NULL, NULL, NULL, NULL, '2014-05-08 08:52:52', '2014-05-08 08:52:52', 1),
(266, '127.0.0.1', 'http://localnutricheck.com/questions/remote_nutrient_check', 45, NULL, NULL, NULL, NULL, '2014-05-08 08:52:52', '2014-05-08 08:52:52', 1),
(267, '127.0.0.1', 'http://localnutricheck.com/questions/remote_nutrient_check', 46, NULL, NULL, NULL, NULL, '2014-05-08 08:52:52', '2014-05-08 08:52:52', 1),
(268, '127.0.0.1', 'http://localnutricheck.com/questions/remote_nutrient_check', 47, NULL, NULL, NULL, NULL, '2014-05-08 08:52:52', '2014-05-08 08:52:52', 1),
(269, '127.0.0.1', 'http://localnutricheck.com/questions/remote_nutrient_check', 48, NULL, NULL, NULL, NULL, '2014-05-08 08:52:52', '2014-05-08 08:52:52', 1),
(270, '127.0.0.1', 'http://localnutricheck.com/questions/remote_nutrient_check', 49, NULL, NULL, NULL, NULL, '2014-05-08 08:52:52', '2014-05-08 08:52:52', 1),
(271, '127.0.0.1', 'http://localnutricheck.com/questions/remote_nutrient_check', 50, NULL, NULL, NULL, NULL, '2014-05-08 08:52:52', '2014-05-08 08:52:52', 1),
(272, '127.0.0.1', 'http://localnutricheck.com/questions/remote_nutrient_check', 51, NULL, NULL, NULL, NULL, '2014-05-08 08:52:52', '2014-05-08 08:52:52', 1),
(273, '127.0.0.1', 'http://localnutricheck.com/questions/remote_nutrient_check', 52, NULL, NULL, NULL, NULL, '2014-05-08 08:52:52', '2014-05-08 08:52:52', 1),
(274, '127.0.0.1', 'http://localnutricheck.com/questions/remote_nutrient_check', 53, NULL, NULL, NULL, NULL, '2014-05-08 08:52:52', '2014-05-08 08:52:52', 1),
(275, '127.0.0.1', 'http://localnutricheck.com/questions/remote_nutrient_check', 54, NULL, NULL, NULL, NULL, '2014-05-08 08:52:52', '2014-05-08 08:52:52', 1),
(276, '127.0.0.1', 'http://localnutricheck.com/questions/remote_nutrient_check', 55, NULL, NULL, NULL, NULL, '2014-05-08 08:52:52', '2014-05-08 08:52:52', 1),
(277, '127.0.0.1', 'http://localnutricheck.com/questions/remote_nutrient_check', 56, NULL, NULL, NULL, NULL, '2014-05-08 08:52:52', '2014-05-08 08:52:52', 1),
(278, '127.0.0.1', 'http://localnutricheck.com/questions/remote_nutrient_check', 57, NULL, NULL, NULL, NULL, '2014-05-08 08:52:52', '2014-05-08 08:52:52', 1),
(279, '127.0.0.1', 'http://localnutricheck.com/questions/remote_nutrient_check', 58, NULL, NULL, NULL, NULL, '2014-05-08 08:52:52', '2014-05-08 08:52:52', 1),
(280, '127.0.0.1', 'http://localnutricheck.com/questions/remote_nutrient_check', 59, NULL, NULL, NULL, NULL, '2014-05-08 08:52:52', '2014-05-08 08:52:52', 1),
(281, '127.0.0.1', 'http://localnutricheck.com/questions/remote_nutrient_check', 60, NULL, NULL, NULL, NULL, '2014-05-08 08:52:52', '2014-05-08 08:52:52', 1),
(282, '127.0.0.1', 'http://localnutricheck.com/questions/remote_nutrient_check', 61, NULL, NULL, NULL, NULL, '2014-05-08 08:52:52', '2014-05-08 08:52:52', 1),
(283, '127.0.0.1', 'http://localnutricheck.com/questions/remote_nutrient_check', 62, NULL, NULL, NULL, NULL, '2014-05-08 08:52:52', '2014-05-08 08:52:52', 1),
(284, '127.0.0.1', 'http://localnutricheck.com/questions/remote_nutrient_check', 63, NULL, NULL, NULL, NULL, '2014-05-08 08:52:52', '2014-05-08 08:52:52', 1),
(285, '127.0.0.1', 'http://localnutricheck.com/questions/remote_nutrient_check', 64, NULL, NULL, NULL, NULL, '2014-05-08 08:52:52', '2014-05-08 08:52:52', 1),
(286, '127.0.0.1', 'http://localnutricheck.com/questions/remote_nutrient_check', 65, NULL, NULL, NULL, NULL, '2014-05-08 08:52:52', '2014-05-08 08:52:52', 1),
(287, '127.0.0.1', 'http://localnutricheck.com/questions/remote_nutrient_check', 66, NULL, NULL, NULL, NULL, '2014-05-08 08:52:52', '2014-05-08 08:52:52', 1),
(288, '127.0.0.1', 'http://localnutricheck.com/questions/remote_nutrient_check', 67, NULL, NULL, NULL, NULL, '2014-05-08 08:52:52', '2014-05-08 08:52:52', 1),
(289, '127.0.0.1', 'http://localnutricheck.com/questions/remote_nutrient_check', 68, NULL, NULL, NULL, NULL, '2014-05-08 08:52:52', '2014-05-08 08:52:52', 1),
(290, '127.0.0.1', 'http://localnutricheck.com/questions/remote_nutrient_check', 69, NULL, NULL, NULL, NULL, '2014-05-08 08:52:52', '2014-05-08 08:52:52', 1),
(291, '127.0.0.1', 'http://localnutricheck.com/questions/remote_nutrient_check', 70, NULL, NULL, NULL, NULL, '2014-05-08 08:52:52', '2014-05-08 08:52:52', 1),
(292, '127.0.0.1', 'http://localnutricheck.com/questions/remote_nutrient_check', 71, NULL, NULL, NULL, NULL, '2014-05-08 08:52:52', '2014-05-08 08:52:52', 1),
(293, '127.0.0.1', 'http://localnutricheck.com/questions/remote_nutrient_check', 72, NULL, NULL, NULL, NULL, '2014-05-08 08:52:52', '2014-05-08 08:52:52', 1),
(294, '127.0.0.1', 'http://localnutricheck.com/questions/remote_nutrient_check', 73, NULL, NULL, NULL, NULL, '2014-05-08 08:52:52', '2014-05-08 08:52:52', 1),
(295, '127.0.0.1', 'http://localnutricheck.com/questions/remote_nutrient_check', 74, NULL, NULL, NULL, NULL, '2014-05-08 08:52:52', '2014-05-08 08:52:52', 1),
(296, '127.0.0.1', 'http://localnutricheck.com/questions/remote_nutrient_check', 75, NULL, NULL, NULL, NULL, '2014-05-08 08:52:52', '2014-05-08 08:52:52', 1),
(297, '127.0.0.1', 'http://localnutricheck.com/questions/remote_nutrient_check', 76, NULL, NULL, NULL, NULL, '2014-05-08 08:52:52', '2014-05-08 08:52:52', 1),
(298, '127.0.0.1', 'http://localnutricheck.com/questions/remote_nutrient_check', 77, NULL, NULL, NULL, NULL, '2014-05-08 08:52:52', '2014-05-08 08:52:52', 1),
(299, '127.0.0.1', 'http://localnutricheck.com/questions/remote_nutrient_check', 78, NULL, NULL, NULL, NULL, '2014-05-08 08:52:52', '2014-05-08 08:52:52', 1),
(300, '127.0.0.1', 'http://localnutricheck.com/questions/remote_nutrient_check', 79, NULL, NULL, NULL, NULL, '2014-05-08 08:52:52', '2014-05-08 08:52:52', 1),
(301, '127.0.0.1', 'http://localnutricheck.com/questions/remote_nutrient_check', 80, NULL, NULL, NULL, NULL, '2014-05-08 08:52:52', '2014-05-08 08:52:52', 1),
(302, '127.0.0.1', 'http://localnutricheck.com/questions/remote_nutrient_check', 81, NULL, NULL, NULL, NULL, '2014-05-08 08:52:52', '2014-05-08 08:52:52', 1),
(303, '127.0.0.1', 'http://localnutricheck.com/questions/remote_nutrient_check', 82, NULL, NULL, NULL, NULL, '2014-05-08 08:52:52', '2014-05-08 08:52:52', 1),
(304, '127.0.0.1', 'http://localnutricheck.com/questions/remote_nutrient_check', 83, NULL, NULL, NULL, NULL, '2014-05-08 08:52:52', '2014-05-08 08:52:52', 1),
(305, '127.0.0.1', 'http://localnutricheck.com/questions/remote_nutrient_check', 84, NULL, NULL, NULL, NULL, '2014-05-08 08:52:52', '2014-05-08 08:52:52', 1),
(306, '127.0.0.1', 'http://localnutricheck.com/questions/remote_nutrient_check', 85, NULL, NULL, NULL, NULL, '2014-05-08 08:52:52', '2014-05-08 08:52:52', 1),
(307, '127.0.0.1', 'http://localnutricheck.com/questions/remote_nutrient_check', 86, NULL, NULL, NULL, NULL, '2014-05-08 08:52:52', '2014-05-08 08:52:52', 1),
(308, '127.0.0.1', 'http://localnutricheck.com/questions/remote_nutrient_check', 87, NULL, NULL, NULL, NULL, '2014-05-08 08:52:52', '2014-05-08 08:52:52', 1),
(309, '127.0.0.1', 'http://localnutricheck.com/questions/remote_nutrient_check', 88, NULL, NULL, NULL, NULL, '2014-05-08 08:52:52', '2014-05-08 08:52:52', 1),
(310, '127.0.0.1', 'http://localnutricheck.com/questions/remote_nutrient_check', 89, NULL, NULL, NULL, NULL, '2014-05-08 08:52:52', '2014-05-08 08:52:52', 1),
(311, '127.0.0.1', 'http://localnutricheck.com/questions/remote_nutrient_check', 90, NULL, NULL, NULL, NULL, '2014-05-08 08:52:52', '2014-05-08 08:52:52', 1),
(312, '127.0.0.1', 'http://localnutricheck.com/questions/remote_nutrient_check', 91, NULL, NULL, NULL, NULL, '2014-05-08 08:52:52', '2014-05-08 08:52:52', 1),
(313, '127.0.0.1', 'http://localnutricheck.com/questions/remote_nutrient_check', 92, NULL, NULL, NULL, NULL, '2014-05-08 08:52:52', '2014-05-08 08:52:52', 1),
(314, '127.0.0.1', 'http://localnutricheck.com/questions/remote_nutrient_check', 93, NULL, NULL, NULL, NULL, '2014-05-08 08:52:52', '2014-05-08 08:52:52', 1),
(315, '127.0.0.1', 'http://localnutricheck.com/questions/remote_nutrient_check', 94, NULL, NULL, NULL, NULL, '2014-05-08 08:52:52', '2014-05-08 08:52:52', 1),
(316, '127.0.0.1', 'http://localnutricheck.com/questions/remote_nutrient_check', 95, NULL, NULL, NULL, NULL, '2014-05-08 08:52:52', '2014-05-08 08:52:52', 1),
(317, '127.0.0.1', 'http://localnutricheck.com/questions/remote_nutrient_check', 96, NULL, NULL, NULL, NULL, '2014-05-08 08:52:52', '2014-05-08 08:52:52', 1),
(318, '127.0.0.1', 'http://localnutricheck.com/questions/remote_nutrient_check', 97, NULL, NULL, NULL, NULL, '2014-05-08 08:52:52', '2014-05-08 08:52:52', 1),
(319, '127.0.0.1', 'http://localnutricheck.com/questions/remote_nutrient_check', 98, NULL, NULL, NULL, NULL, '2014-05-08 08:52:52', '2014-05-08 08:52:52', 1),
(320, '127.0.0.1', 'http://localnutricheck.com/questions/remote_nutrient_check', 99, NULL, NULL, NULL, NULL, '2014-05-08 08:52:52', '2014-05-08 08:52:52', 1),
(321, '127.0.0.1', 'http://localnutricheck.com/questions/remote_nutrient_check', 100, NULL, NULL, NULL, NULL, '2014-05-08 08:52:52', '2014-05-08 08:52:52', 1),
(322, '127.0.0.1', 'http://localnutricheck.com/questions/remote_nutrient_check', 101, NULL, NULL, NULL, NULL, '2014-05-08 08:52:52', '2014-05-08 08:52:52', 1),
(323, '127.0.0.1', 'http://localnutricheck.com/questions/remote_nutrient_check', 102, NULL, NULL, NULL, NULL, '2014-05-08 08:52:52', '2014-05-08 08:52:52', 1),
(324, '127.0.0.1', 'http://localnutricheck.com/questions/remote_nutrient_check', 103, NULL, NULL, NULL, NULL, '2014-05-08 08:52:52', '2014-05-08 08:52:52', 1),
(325, '127.0.0.1', 'http://localnutricheck.com/questions/remote_nutrient_check', 104, NULL, NULL, NULL, NULL, '2014-05-08 08:52:52', '2014-05-08 08:52:52', 1),
(326, '127.0.0.1', 'http://localnutricheck.com/questions/remote_nutrient_check', 105, NULL, NULL, NULL, NULL, '2014-05-08 08:52:52', '2014-05-08 08:52:52', 1),
(327, '127.0.0.1', 'http://localnutricheck.com/questions/remote_nutrient_check', 106, NULL, NULL, NULL, NULL, '2014-05-08 08:52:52', '2014-05-08 08:52:52', 1),
(328, '127.0.0.1', 'http://localnutricheck.com/questions/remote_nutrient_check', 107, NULL, NULL, NULL, NULL, '2014-05-08 08:52:52', '2014-05-08 08:52:52', 1),
(329, '127.0.0.1', 'http://localnutricheck.com/questions/remote_nutrient_check', 108, NULL, NULL, NULL, NULL, '2014-05-08 08:52:52', '2014-05-08 08:52:52', 1),
(330, '127.0.0.1', 'http://localnutricheck.com/questions/remote_nutrient_check', 109, NULL, NULL, NULL, NULL, '2014-05-08 08:52:52', '2014-05-08 08:52:52', 1),
(331, '127.0.0.1', 'http://localnutricheck.com/questions/remote_nutrient_check', 110, NULL, NULL, NULL, NULL, '2014-05-08 08:52:52', '2014-05-08 08:52:52', 1),
(332, '127.0.0.1', 'http://localnutricheck.com/questions/remote_nutrient_check', 0, NULL, NULL, NULL, NULL, '2014-05-08 08:52:52', '2014-05-08 08:52:52', 1),
(333, '127.0.0.1', 'http://localnutricheck.com/questions/remote_nutrient_check', 1, NULL, NULL, NULL, NULL, '2014-05-09 02:08:10', '2014-05-09 02:08:10', 1),
(334, '127.0.0.1', 'http://localnutricheck.com/questions/remote_nutrient_check', 2, NULL, NULL, NULL, NULL, '2014-05-09 02:08:10', '2014-05-09 02:08:10', 1),
(335, '127.0.0.1', 'http://localnutricheck.com/questions/remote_nutrient_check', 3, NULL, NULL, NULL, NULL, '2014-05-09 02:08:10', '2014-05-09 02:08:10', 1),
(336, '127.0.0.1', 'http://localnutricheck.com/questions/remote_nutrient_check', 4, NULL, NULL, NULL, NULL, '2014-05-09 02:08:10', '2014-05-09 02:08:10', 1),
(337, '127.0.0.1', 'http://localnutricheck.com/questions/remote_nutrient_check', 5, NULL, NULL, NULL, NULL, '2014-05-09 02:08:10', '2014-05-09 02:08:10', 1),
(338, '127.0.0.1', 'http://localnutricheck.com/questions/remote_nutrient_check', 6, NULL, NULL, NULL, NULL, '2014-05-09 02:08:10', '2014-05-09 02:08:10', 1),
(339, '127.0.0.1', 'http://localnutricheck.com/questions/remote_nutrient_check', 7, NULL, NULL, NULL, NULL, '2014-05-09 02:08:10', '2014-05-09 02:08:10', 1),
(340, '127.0.0.1', 'http://localnutricheck.com/questions/remote_nutrient_check', 8, NULL, NULL, NULL, NULL, '2014-05-09 02:08:10', '2014-05-09 02:08:10', 1),
(341, '127.0.0.1', 'http://localnutricheck.com/questions/remote_nutrient_check', 9, NULL, NULL, NULL, NULL, '2014-05-09 02:08:10', '2014-05-09 02:08:10', 1),
(342, '127.0.0.1', 'http://localnutricheck.com/questions/remote_nutrient_check', 10, NULL, NULL, NULL, NULL, '2014-05-09 02:08:10', '2014-05-09 02:08:10', 1),
(343, '127.0.0.1', 'http://localnutricheck.com/questions/remote_nutrient_check', 11, NULL, NULL, NULL, NULL, '2014-05-09 02:08:10', '2014-05-09 02:08:10', 1),
(344, '127.0.0.1', 'http://localnutricheck.com/questions/remote_nutrient_check', 12, NULL, NULL, NULL, NULL, '2014-05-09 02:08:10', '2014-05-09 02:08:10', 1),
(345, '127.0.0.1', 'http://localnutricheck.com/questions/remote_nutrient_check', 13, NULL, NULL, NULL, NULL, '2014-05-09 02:08:10', '2014-05-09 02:08:10', 1),
(346, '127.0.0.1', 'http://localnutricheck.com/questions/remote_nutrient_check', 14, NULL, NULL, NULL, NULL, '2014-05-09 02:08:10', '2014-05-09 02:08:10', 1),
(347, '127.0.0.1', 'http://localnutricheck.com/questions/remote_nutrient_check', 15, NULL, NULL, NULL, NULL, '2014-05-09 02:08:10', '2014-05-09 02:08:10', 1),
(348, '127.0.0.1', 'http://localnutricheck.com/questions/remote_nutrient_check', 16, NULL, NULL, NULL, NULL, '2014-05-09 02:08:10', '2014-05-09 02:08:10', 1),
(349, '127.0.0.1', 'http://localnutricheck.com/questions/remote_nutrient_check', 17, NULL, NULL, NULL, NULL, '2014-05-09 02:08:10', '2014-05-09 02:08:10', 1),
(350, '127.0.0.1', 'http://localnutricheck.com/questions/remote_nutrient_check', 18, NULL, NULL, NULL, NULL, '2014-05-09 02:08:10', '2014-05-09 02:08:10', 1),
(351, '127.0.0.1', 'http://localnutricheck.com/questions/remote_nutrient_check', 19, NULL, NULL, NULL, NULL, '2014-05-09 02:08:10', '2014-05-09 02:08:10', 1),
(352, '127.0.0.1', 'http://localnutricheck.com/questions/remote_nutrient_check', 20, NULL, NULL, NULL, NULL, '2014-05-09 02:08:10', '2014-05-09 02:08:10', 1),
(353, '127.0.0.1', 'http://localnutricheck.com/questions/remote_nutrient_check', 21, NULL, NULL, NULL, NULL, '2014-05-09 02:08:10', '2014-05-09 02:08:10', 1),
(354, '127.0.0.1', 'http://localnutricheck.com/questions/remote_nutrient_check', 22, NULL, NULL, NULL, NULL, '2014-05-09 02:08:10', '2014-05-09 02:08:10', 1),
(355, '127.0.0.1', 'http://localnutricheck.com/questions/remote_nutrient_check', 23, NULL, NULL, NULL, NULL, '2014-05-09 02:08:10', '2014-05-09 02:08:10', 1),
(356, '127.0.0.1', 'http://localnutricheck.com/questions/remote_nutrient_check', 24, NULL, NULL, NULL, NULL, '2014-05-09 02:08:10', '2014-05-09 02:08:10', 1),
(357, '127.0.0.1', 'http://localnutricheck.com/questions/remote_nutrient_check', 25, NULL, NULL, NULL, NULL, '2014-05-09 02:08:10', '2014-05-09 02:08:10', 1),
(358, '127.0.0.1', 'http://localnutricheck.com/questions/remote_nutrient_check', 26, NULL, NULL, NULL, NULL, '2014-05-09 02:08:10', '2014-05-09 02:08:10', 1),
(359, '127.0.0.1', 'http://localnutricheck.com/questions/remote_nutrient_check', 27, NULL, NULL, NULL, NULL, '2014-05-09 02:08:10', '2014-05-09 02:08:10', 1),
(360, '127.0.0.1', 'http://localnutricheck.com/questions/remote_nutrient_check', 28, NULL, NULL, NULL, NULL, '2014-05-09 02:08:10', '2014-05-09 02:08:10', 1),
(361, '127.0.0.1', 'http://localnutricheck.com/questions/remote_nutrient_check', 29, NULL, NULL, NULL, NULL, '2014-05-09 02:08:10', '2014-05-09 02:08:10', 1),
(362, '127.0.0.1', 'http://localnutricheck.com/questions/remote_nutrient_check', 30, NULL, NULL, NULL, NULL, '2014-05-09 02:08:10', '2014-05-09 02:08:10', 1),
(363, '127.0.0.1', 'http://localnutricheck.com/questions/remote_nutrient_check', 31, NULL, NULL, NULL, NULL, '2014-05-09 02:08:10', '2014-05-09 02:08:10', 1),
(364, '127.0.0.1', 'http://localnutricheck.com/questions/remote_nutrient_check', 32, NULL, NULL, NULL, NULL, '2014-05-09 02:08:10', '2014-05-09 02:08:10', 1),
(365, '127.0.0.1', 'http://localnutricheck.com/questions/remote_nutrient_check', 33, NULL, NULL, NULL, NULL, '2014-05-09 02:08:10', '2014-05-09 02:08:10', 1),
(366, '127.0.0.1', 'http://localnutricheck.com/questions/remote_nutrient_check', 34, NULL, NULL, NULL, NULL, '2014-05-09 02:08:10', '2014-05-09 02:08:10', 1),
(367, '127.0.0.1', 'http://localnutricheck.com/questions/remote_nutrient_check', 35, NULL, NULL, NULL, NULL, '2014-05-09 02:08:10', '2014-05-09 02:08:10', 1),
(368, '127.0.0.1', 'http://localnutricheck.com/questions/remote_nutrient_check', 36, NULL, NULL, NULL, NULL, '2014-05-09 02:08:10', '2014-05-09 02:08:10', 1),
(369, '127.0.0.1', 'http://localnutricheck.com/questions/remote_nutrient_check', 37, NULL, NULL, NULL, NULL, '2014-05-09 02:08:10', '2014-05-09 02:08:10', 1),
(370, '127.0.0.1', 'http://localnutricheck.com/questions/remote_nutrient_check', 38, NULL, NULL, NULL, NULL, '2014-05-09 02:08:10', '2014-05-09 02:08:10', 1),
(371, '127.0.0.1', 'http://localnutricheck.com/questions/remote_nutrient_check', 39, NULL, NULL, NULL, NULL, '2014-05-09 02:08:10', '2014-05-09 02:08:10', 1),
(372, '127.0.0.1', 'http://localnutricheck.com/questions/remote_nutrient_check', 40, NULL, NULL, NULL, NULL, '2014-05-09 02:08:10', '2014-05-09 02:08:10', 1),
(373, '127.0.0.1', 'http://localnutricheck.com/questions/remote_nutrient_check', 41, NULL, NULL, NULL, NULL, '2014-05-09 02:08:10', '2014-05-09 02:08:10', 1),
(374, '127.0.0.1', 'http://localnutricheck.com/questions/remote_nutrient_check', 42, NULL, NULL, NULL, NULL, '2014-05-09 02:08:10', '2014-05-09 02:08:10', 1),
(375, '127.0.0.1', 'http://localnutricheck.com/questions/remote_nutrient_check', 43, NULL, NULL, NULL, NULL, '2014-05-09 02:08:10', '2014-05-09 02:08:10', 1),
(376, '127.0.0.1', 'http://localnutricheck.com/questions/remote_nutrient_check', 44, NULL, NULL, NULL, NULL, '2014-05-09 02:08:10', '2014-05-09 02:08:10', 1),
(377, '127.0.0.1', 'http://localnutricheck.com/questions/remote_nutrient_check', 45, NULL, NULL, NULL, NULL, '2014-05-09 02:08:10', '2014-05-09 02:08:10', 1),
(378, '127.0.0.1', 'http://localnutricheck.com/questions/remote_nutrient_check', 46, NULL, NULL, NULL, NULL, '2014-05-09 02:08:10', '2014-05-09 02:08:10', 1),
(379, '127.0.0.1', 'http://localnutricheck.com/questions/remote_nutrient_check', 47, NULL, NULL, NULL, NULL, '2014-05-09 02:08:10', '2014-05-09 02:08:10', 1),
(380, '127.0.0.1', 'http://localnutricheck.com/questions/remote_nutrient_check', 48, NULL, NULL, NULL, NULL, '2014-05-09 02:08:10', '2014-05-09 02:08:10', 1),
(381, '127.0.0.1', 'http://localnutricheck.com/questions/remote_nutrient_check', 49, NULL, NULL, NULL, NULL, '2014-05-09 02:08:10', '2014-05-09 02:08:10', 1),
(382, '127.0.0.1', 'http://localnutricheck.com/questions/remote_nutrient_check', 50, NULL, NULL, NULL, NULL, '2014-05-09 02:08:10', '2014-05-09 02:08:10', 1),
(383, '127.0.0.1', 'http://localnutricheck.com/questions/remote_nutrient_check', 51, NULL, NULL, NULL, NULL, '2014-05-09 02:08:10', '2014-05-09 02:08:10', 1),
(384, '127.0.0.1', 'http://localnutricheck.com/questions/remote_nutrient_check', 52, NULL, NULL, NULL, NULL, '2014-05-09 02:08:10', '2014-05-09 02:08:10', 1),
(385, '127.0.0.1', 'http://localnutricheck.com/questions/remote_nutrient_check', 53, NULL, NULL, NULL, NULL, '2014-05-09 02:08:10', '2014-05-09 02:08:10', 1),
(386, '127.0.0.1', 'http://localnutricheck.com/questions/remote_nutrient_check', 54, NULL, NULL, NULL, NULL, '2014-05-09 02:08:10', '2014-05-09 02:08:10', 1),
(387, '127.0.0.1', 'http://localnutricheck.com/questions/remote_nutrient_check', 55, NULL, NULL, NULL, NULL, '2014-05-09 02:08:10', '2014-05-09 02:08:10', 1),
(388, '127.0.0.1', 'http://localnutricheck.com/questions/remote_nutrient_check', 56, NULL, NULL, NULL, NULL, '2014-05-09 02:08:10', '2014-05-09 02:08:10', 1),
(389, '127.0.0.1', 'http://localnutricheck.com/questions/remote_nutrient_check', 57, NULL, NULL, NULL, NULL, '2014-05-09 02:08:10', '2014-05-09 02:08:10', 1),
(390, '127.0.0.1', 'http://localnutricheck.com/questions/remote_nutrient_check', 58, NULL, NULL, NULL, NULL, '2014-05-09 02:08:10', '2014-05-09 02:08:10', 1),
(391, '127.0.0.1', 'http://localnutricheck.com/questions/remote_nutrient_check', 59, NULL, NULL, NULL, NULL, '2014-05-09 02:08:10', '2014-05-09 02:08:10', 1),
(392, '127.0.0.1', 'http://localnutricheck.com/questions/remote_nutrient_check', 60, NULL, NULL, NULL, NULL, '2014-05-09 02:08:10', '2014-05-09 02:08:10', 1),
(393, '127.0.0.1', 'http://localnutricheck.com/questions/remote_nutrient_check', 61, NULL, NULL, NULL, NULL, '2014-05-09 02:08:10', '2014-05-09 02:08:10', 1),
(394, '127.0.0.1', 'http://localnutricheck.com/questions/remote_nutrient_check', 62, NULL, NULL, NULL, NULL, '2014-05-09 02:08:10', '2014-05-09 02:08:10', 1),
(395, '127.0.0.1', 'http://localnutricheck.com/questions/remote_nutrient_check', 63, NULL, NULL, NULL, NULL, '2014-05-09 02:08:10', '2014-05-09 02:08:10', 1),
(396, '127.0.0.1', 'http://localnutricheck.com/questions/remote_nutrient_check', 64, NULL, NULL, NULL, NULL, '2014-05-09 02:08:10', '2014-05-09 02:08:10', 1),
(397, '127.0.0.1', 'http://localnutricheck.com/questions/remote_nutrient_check', 65, NULL, NULL, NULL, NULL, '2014-05-09 02:08:10', '2014-05-09 02:08:10', 1),
(398, '127.0.0.1', 'http://localnutricheck.com/questions/remote_nutrient_check', 66, NULL, NULL, NULL, NULL, '2014-05-09 02:08:10', '2014-05-09 02:08:10', 1),
(399, '127.0.0.1', 'http://localnutricheck.com/questions/remote_nutrient_check', 67, NULL, NULL, NULL, NULL, '2014-05-09 02:08:10', '2014-05-09 02:08:10', 1),
(400, '127.0.0.1', 'http://localnutricheck.com/questions/remote_nutrient_check', 68, NULL, NULL, NULL, NULL, '2014-05-09 02:08:10', '2014-05-09 02:08:10', 1),
(401, '127.0.0.1', 'http://localnutricheck.com/questions/remote_nutrient_check', 69, NULL, NULL, NULL, NULL, '2014-05-09 02:08:10', '2014-05-09 02:08:10', 1),
(402, '127.0.0.1', 'http://localnutricheck.com/questions/remote_nutrient_check', 70, NULL, NULL, NULL, NULL, '2014-05-09 02:08:10', '2014-05-09 02:08:10', 1),
(403, '127.0.0.1', 'http://localnutricheck.com/questions/remote_nutrient_check', 71, NULL, NULL, NULL, NULL, '2014-05-09 02:08:10', '2014-05-09 02:08:10', 1),
(404, '127.0.0.1', 'http://localnutricheck.com/questions/remote_nutrient_check', 72, NULL, NULL, NULL, NULL, '2014-05-09 02:08:10', '2014-05-09 02:08:10', 1),
(405, '127.0.0.1', 'http://localnutricheck.com/questions/remote_nutrient_check', 73, NULL, NULL, NULL, NULL, '2014-05-09 02:08:10', '2014-05-09 02:08:10', 1),
(406, '127.0.0.1', 'http://localnutricheck.com/questions/remote_nutrient_check', 74, NULL, NULL, NULL, NULL, '2014-05-09 02:08:10', '2014-05-09 02:08:10', 1),
(407, '127.0.0.1', 'http://localnutricheck.com/questions/remote_nutrient_check', 75, NULL, NULL, NULL, NULL, '2014-05-09 02:08:10', '2014-05-09 02:08:10', 1),
(408, '127.0.0.1', 'http://localnutricheck.com/questions/remote_nutrient_check', 76, NULL, NULL, NULL, NULL, '2014-05-09 02:08:10', '2014-05-09 02:08:10', 1),
(409, '127.0.0.1', 'http://localnutricheck.com/questions/remote_nutrient_check', 77, NULL, NULL, NULL, NULL, '2014-05-09 02:08:10', '2014-05-09 02:08:10', 1),
(410, '127.0.0.1', 'http://localnutricheck.com/questions/remote_nutrient_check', 78, NULL, NULL, NULL, NULL, '2014-05-09 02:08:10', '2014-05-09 02:08:10', 1),
(411, '127.0.0.1', 'http://localnutricheck.com/questions/remote_nutrient_check', 79, NULL, NULL, NULL, NULL, '2014-05-09 02:08:10', '2014-05-09 02:08:10', 1),
(412, '127.0.0.1', 'http://localnutricheck.com/questions/remote_nutrient_check', 80, NULL, NULL, NULL, NULL, '2014-05-09 02:08:10', '2014-05-09 02:08:10', 1),
(413, '127.0.0.1', 'http://localnutricheck.com/questions/remote_nutrient_check', 81, NULL, NULL, NULL, NULL, '2014-05-09 02:08:10', '2014-05-09 02:08:10', 1),
(414, '127.0.0.1', 'http://localnutricheck.com/questions/remote_nutrient_check', 82, NULL, NULL, NULL, NULL, '2014-05-09 02:08:10', '2014-05-09 02:08:10', 1),
(415, '127.0.0.1', 'http://localnutricheck.com/questions/remote_nutrient_check', 83, NULL, NULL, NULL, NULL, '2014-05-09 02:08:10', '2014-05-09 02:08:10', 1),
(416, '127.0.0.1', 'http://localnutricheck.com/questions/remote_nutrient_check', 84, NULL, NULL, NULL, NULL, '2014-05-09 02:08:10', '2014-05-09 02:08:10', 1),
(417, '127.0.0.1', 'http://localnutricheck.com/questions/remote_nutrient_check', 85, NULL, NULL, NULL, NULL, '2014-05-09 02:08:10', '2014-05-09 02:08:10', 1),
(418, '127.0.0.1', 'http://localnutricheck.com/questions/remote_nutrient_check', 86, NULL, NULL, NULL, NULL, '2014-05-09 02:08:10', '2014-05-09 02:08:10', 1),
(419, '127.0.0.1', 'http://localnutricheck.com/questions/remote_nutrient_check', 87, NULL, NULL, NULL, NULL, '2014-05-09 02:08:10', '2014-05-09 02:08:10', 1),
(420, '127.0.0.1', 'http://localnutricheck.com/questions/remote_nutrient_check', 88, NULL, NULL, NULL, NULL, '2014-05-09 02:08:10', '2014-05-09 02:08:10', 1),
(421, '127.0.0.1', 'http://localnutricheck.com/questions/remote_nutrient_check', 89, NULL, NULL, NULL, NULL, '2014-05-09 02:08:10', '2014-05-09 02:08:10', 1),
(422, '127.0.0.1', 'http://localnutricheck.com/questions/remote_nutrient_check', 90, NULL, NULL, NULL, NULL, '2014-05-09 02:08:10', '2014-05-09 02:08:10', 1),
(423, '127.0.0.1', 'http://localnutricheck.com/questions/remote_nutrient_check', 91, NULL, NULL, NULL, NULL, '2014-05-09 02:08:10', '2014-05-09 02:08:10', 1),
(424, '127.0.0.1', 'http://localnutricheck.com/questions/remote_nutrient_check', 92, NULL, NULL, NULL, NULL, '2014-05-09 02:08:10', '2014-05-09 02:08:10', 1),
(425, '127.0.0.1', 'http://localnutricheck.com/questions/remote_nutrient_check', 93, NULL, NULL, NULL, NULL, '2014-05-09 02:08:10', '2014-05-09 02:08:10', 1),
(426, '127.0.0.1', 'http://localnutricheck.com/questions/remote_nutrient_check', 94, NULL, NULL, NULL, NULL, '2014-05-09 02:08:10', '2014-05-09 02:08:10', 1),
(427, '127.0.0.1', 'http://localnutricheck.com/questions/remote_nutrient_check', 95, NULL, NULL, NULL, NULL, '2014-05-09 02:08:10', '2014-05-09 02:08:10', 1);
INSERT INTO `temp_answers` (`id`, `ip_address`, `link`, `question_id`, `factor_id`, `choice_id`, `rank`, `answer`, `created`, `modified`, `status`) VALUES
(428, '127.0.0.1', 'http://localnutricheck.com/questions/remote_nutrient_check', 96, NULL, NULL, NULL, NULL, '2014-05-09 02:08:10', '2014-05-09 02:08:10', 1),
(429, '127.0.0.1', 'http://localnutricheck.com/questions/remote_nutrient_check', 97, NULL, NULL, NULL, NULL, '2014-05-09 02:08:10', '2014-05-09 02:08:10', 1),
(430, '127.0.0.1', 'http://localnutricheck.com/questions/remote_nutrient_check', 98, NULL, NULL, NULL, NULL, '2014-05-09 02:08:10', '2014-05-09 02:08:10', 1),
(431, '127.0.0.1', 'http://localnutricheck.com/questions/remote_nutrient_check', 99, NULL, NULL, NULL, NULL, '2014-05-09 02:08:10', '2014-05-09 02:08:10', 1),
(432, '127.0.0.1', 'http://localnutricheck.com/questions/remote_nutrient_check', 100, NULL, NULL, NULL, NULL, '2014-05-09 02:08:10', '2014-05-09 02:08:10', 1),
(433, '127.0.0.1', 'http://localnutricheck.com/questions/remote_nutrient_check', 101, NULL, NULL, NULL, NULL, '2014-05-09 02:08:10', '2014-05-09 02:08:10', 1),
(434, '127.0.0.1', 'http://localnutricheck.com/questions/remote_nutrient_check', 102, NULL, NULL, NULL, NULL, '2014-05-09 02:08:10', '2014-05-09 02:08:10', 1),
(435, '127.0.0.1', 'http://localnutricheck.com/questions/remote_nutrient_check', 103, NULL, NULL, NULL, NULL, '2014-05-09 02:08:10', '2014-05-09 02:08:10', 1),
(436, '127.0.0.1', 'http://localnutricheck.com/questions/remote_nutrient_check', 104, NULL, NULL, NULL, NULL, '2014-05-09 02:08:10', '2014-05-09 02:08:10', 1),
(437, '127.0.0.1', 'http://localnutricheck.com/questions/remote_nutrient_check', 105, NULL, NULL, NULL, NULL, '2014-05-09 02:08:10', '2014-05-09 02:08:10', 1),
(438, '127.0.0.1', 'http://localnutricheck.com/questions/remote_nutrient_check', 106, NULL, NULL, NULL, NULL, '2014-05-09 02:08:10', '2014-05-09 02:08:10', 1),
(439, '127.0.0.1', 'http://localnutricheck.com/questions/remote_nutrient_check', 107, NULL, NULL, NULL, NULL, '2014-05-09 02:08:10', '2014-05-09 02:08:10', 1),
(440, '127.0.0.1', 'http://localnutricheck.com/questions/remote_nutrient_check', 108, NULL, NULL, NULL, NULL, '2014-05-09 02:08:10', '2014-05-09 02:08:10', 1),
(441, '127.0.0.1', 'http://localnutricheck.com/questions/remote_nutrient_check', 109, NULL, NULL, NULL, NULL, '2014-05-09 02:08:10', '2014-05-09 02:08:10', 1),
(442, '127.0.0.1', 'http://localnutricheck.com/questions/remote_nutrient_check', 110, NULL, NULL, NULL, NULL, '2014-05-09 02:08:10', '2014-05-09 02:08:10', 1),
(443, '127.0.0.1', 'http://localnutricheck.com/questions/remote_nutrient_check', 0, NULL, NULL, NULL, NULL, '2014-05-09 02:08:10', '2014-05-09 02:08:10', 1),
(444, '127.0.0.1', 'http://localpropertybutler.com/test.html', 1, NULL, NULL, NULL, NULL, '2014-05-09 07:07:32', '2014-05-09 07:07:32', 1),
(445, '127.0.0.1', 'http://localpropertybutler.com/test.html', 2, NULL, NULL, NULL, NULL, '2014-05-09 07:07:32', '2014-05-09 07:07:32', 1),
(446, '127.0.0.1', 'http://localpropertybutler.com/test.html', 3, NULL, NULL, NULL, NULL, '2014-05-09 07:07:32', '2014-05-09 07:07:32', 1),
(447, '127.0.0.1', 'http://localpropertybutler.com/test.html', 4, NULL, NULL, NULL, NULL, '2014-05-09 07:07:32', '2014-05-09 07:07:32', 1),
(448, '127.0.0.1', 'http://localpropertybutler.com/test.html', 5, NULL, NULL, NULL, NULL, '2014-05-09 07:07:32', '2014-05-09 07:07:32', 1),
(449, '127.0.0.1', 'http://localpropertybutler.com/test.html', 6, NULL, NULL, NULL, NULL, '2014-05-09 07:07:32', '2014-05-09 07:07:32', 1),
(450, '127.0.0.1', 'http://localpropertybutler.com/test.html', 7, NULL, NULL, NULL, NULL, '2014-05-09 07:07:32', '2014-05-09 07:07:32', 1),
(451, '127.0.0.1', 'http://localpropertybutler.com/test.html', 8, NULL, NULL, NULL, NULL, '2014-05-09 07:07:32', '2014-05-09 07:07:32', 1),
(452, '127.0.0.1', 'http://localpropertybutler.com/test.html', 9, NULL, NULL, NULL, NULL, '2014-05-09 07:07:32', '2014-05-09 07:07:32', 1),
(453, '127.0.0.1', 'http://localpropertybutler.com/test.html', 10, NULL, NULL, NULL, NULL, '2014-05-09 07:07:32', '2014-05-09 07:07:32', 1),
(454, '127.0.0.1', 'http://localpropertybutler.com/test.html', 11, NULL, NULL, NULL, NULL, '2014-05-09 07:07:32', '2014-05-09 07:07:32', 1),
(455, '127.0.0.1', 'http://localpropertybutler.com/test.html', 12, NULL, NULL, NULL, NULL, '2014-05-09 07:07:32', '2014-05-09 07:07:32', 1),
(456, '127.0.0.1', 'http://localpropertybutler.com/test.html', 13, NULL, NULL, NULL, NULL, '2014-05-09 07:07:32', '2014-05-09 07:07:32', 1),
(457, '127.0.0.1', 'http://localpropertybutler.com/test.html', 14, NULL, NULL, NULL, NULL, '2014-05-09 07:07:32', '2014-05-09 07:07:32', 1),
(458, '127.0.0.1', 'http://localpropertybutler.com/test.html', 15, NULL, NULL, NULL, NULL, '2014-05-09 07:07:32', '2014-05-09 07:07:32', 1),
(459, '127.0.0.1', 'http://localpropertybutler.com/test.html', 16, NULL, NULL, NULL, NULL, '2014-05-09 07:07:32', '2014-05-09 07:07:32', 1),
(460, '127.0.0.1', 'http://localpropertybutler.com/test.html', 17, NULL, NULL, NULL, NULL, '2014-05-09 07:07:32', '2014-05-09 07:07:32', 1),
(461, '127.0.0.1', 'http://localpropertybutler.com/test.html', 18, NULL, NULL, NULL, NULL, '2014-05-09 07:07:32', '2014-05-09 07:07:32', 1),
(462, '127.0.0.1', 'http://localpropertybutler.com/test.html', 19, NULL, NULL, NULL, NULL, '2014-05-09 07:07:32', '2014-05-09 07:07:32', 1),
(463, '127.0.0.1', 'http://localpropertybutler.com/test.html', 20, NULL, NULL, NULL, NULL, '2014-05-09 07:07:32', '2014-05-09 07:07:32', 1),
(464, '127.0.0.1', 'http://localpropertybutler.com/test.html', 21, NULL, NULL, NULL, NULL, '2014-05-09 07:07:32', '2014-05-09 07:07:32', 1),
(465, '127.0.0.1', 'http://localpropertybutler.com/test.html', 22, NULL, NULL, NULL, NULL, '2014-05-09 07:07:32', '2014-05-09 07:07:32', 1),
(466, '127.0.0.1', 'http://localpropertybutler.com/test.html', 23, NULL, NULL, NULL, NULL, '2014-05-09 07:07:32', '2014-05-09 07:07:32', 1),
(467, '127.0.0.1', 'http://localpropertybutler.com/test.html', 24, NULL, NULL, NULL, NULL, '2014-05-09 07:07:32', '2014-05-09 07:07:32', 1),
(468, '127.0.0.1', 'http://localpropertybutler.com/test.html', 25, NULL, NULL, NULL, NULL, '2014-05-09 07:07:32', '2014-05-09 07:07:32', 1),
(469, '127.0.0.1', 'http://localpropertybutler.com/test.html', 26, NULL, NULL, NULL, NULL, '2014-05-09 07:07:32', '2014-05-09 07:07:32', 1),
(470, '127.0.0.1', 'http://localpropertybutler.com/test.html', 27, NULL, NULL, NULL, NULL, '2014-05-09 07:07:32', '2014-05-09 07:07:32', 1),
(471, '127.0.0.1', 'http://localpropertybutler.com/test.html', 28, NULL, NULL, NULL, NULL, '2014-05-09 07:07:32', '2014-05-09 07:07:32', 1),
(472, '127.0.0.1', 'http://localpropertybutler.com/test.html', 29, NULL, NULL, NULL, NULL, '2014-05-09 07:07:32', '2014-05-09 07:07:32', 1),
(473, '127.0.0.1', 'http://localpropertybutler.com/test.html', 30, NULL, NULL, NULL, NULL, '2014-05-09 07:07:32', '2014-05-09 07:07:32', 1),
(474, '127.0.0.1', 'http://localpropertybutler.com/test.html', 31, NULL, NULL, NULL, NULL, '2014-05-09 07:07:32', '2014-05-09 07:07:32', 1),
(475, '127.0.0.1', 'http://localpropertybutler.com/test.html', 32, NULL, NULL, NULL, NULL, '2014-05-09 07:07:32', '2014-05-09 07:07:32', 1),
(476, '127.0.0.1', 'http://localpropertybutler.com/test.html', 33, NULL, NULL, NULL, NULL, '2014-05-09 07:07:32', '2014-05-09 07:07:32', 1),
(477, '127.0.0.1', 'http://localpropertybutler.com/test.html', 34, NULL, NULL, NULL, NULL, '2014-05-09 07:07:32', '2014-05-09 07:07:32', 1),
(478, '127.0.0.1', 'http://localpropertybutler.com/test.html', 35, NULL, NULL, NULL, NULL, '2014-05-09 07:07:32', '2014-05-09 07:07:32', 1),
(479, '127.0.0.1', 'http://localpropertybutler.com/test.html', 36, NULL, NULL, NULL, NULL, '2014-05-09 07:07:32', '2014-05-09 07:07:32', 1),
(480, '127.0.0.1', 'http://localpropertybutler.com/test.html', 37, NULL, NULL, NULL, NULL, '2014-05-09 07:07:32', '2014-05-09 07:07:32', 1),
(481, '127.0.0.1', 'http://localpropertybutler.com/test.html', 38, NULL, NULL, NULL, NULL, '2014-05-09 07:07:32', '2014-05-09 07:07:32', 1),
(482, '127.0.0.1', 'http://localpropertybutler.com/test.html', 39, NULL, NULL, NULL, NULL, '2014-05-09 07:07:32', '2014-05-09 07:07:32', 1),
(483, '127.0.0.1', 'http://localpropertybutler.com/test.html', 40, NULL, NULL, NULL, NULL, '2014-05-09 07:07:32', '2014-05-09 07:07:32', 1),
(484, '127.0.0.1', 'http://localpropertybutler.com/test.html', 41, NULL, NULL, NULL, NULL, '2014-05-09 07:07:32', '2014-05-09 07:07:32', 1),
(485, '127.0.0.1', 'http://localpropertybutler.com/test.html', 42, NULL, NULL, NULL, NULL, '2014-05-09 07:07:32', '2014-05-09 07:07:32', 1),
(486, '127.0.0.1', 'http://localpropertybutler.com/test.html', 43, NULL, NULL, NULL, NULL, '2014-05-09 07:07:32', '2014-05-09 07:07:32', 1),
(487, '127.0.0.1', 'http://localpropertybutler.com/test.html', 44, NULL, NULL, NULL, NULL, '2014-05-09 07:07:32', '2014-05-09 07:07:32', 1),
(488, '127.0.0.1', 'http://localpropertybutler.com/test.html', 45, NULL, NULL, NULL, NULL, '2014-05-09 07:07:32', '2014-05-09 07:07:32', 1),
(489, '127.0.0.1', 'http://localpropertybutler.com/test.html', 46, NULL, NULL, NULL, NULL, '2014-05-09 07:07:32', '2014-05-09 07:07:32', 1),
(490, '127.0.0.1', 'http://localpropertybutler.com/test.html', 47, NULL, NULL, NULL, NULL, '2014-05-09 07:07:32', '2014-05-09 07:07:32', 1),
(491, '127.0.0.1', 'http://localpropertybutler.com/test.html', 48, NULL, NULL, NULL, NULL, '2014-05-09 07:07:32', '2014-05-09 07:07:32', 1),
(492, '127.0.0.1', 'http://localpropertybutler.com/test.html', 49, NULL, NULL, NULL, NULL, '2014-05-09 07:07:32', '2014-05-09 07:07:32', 1),
(493, '127.0.0.1', 'http://localpropertybutler.com/test.html', 50, NULL, NULL, NULL, NULL, '2014-05-09 07:07:32', '2014-05-09 07:07:32', 1),
(494, '127.0.0.1', 'http://localpropertybutler.com/test.html', 51, NULL, NULL, NULL, NULL, '2014-05-09 07:07:32', '2014-05-09 07:07:32', 1),
(495, '127.0.0.1', 'http://localpropertybutler.com/test.html', 52, NULL, NULL, NULL, NULL, '2014-05-09 07:07:32', '2014-05-09 07:07:32', 1),
(496, '127.0.0.1', 'http://localpropertybutler.com/test.html', 53, NULL, NULL, NULL, NULL, '2014-05-09 07:07:32', '2014-05-09 07:07:32', 1),
(497, '127.0.0.1', 'http://localpropertybutler.com/test.html', 54, NULL, NULL, NULL, NULL, '2014-05-09 07:07:32', '2014-05-09 07:07:32', 1),
(498, '127.0.0.1', 'http://localpropertybutler.com/test.html', 55, NULL, NULL, NULL, NULL, '2014-05-09 07:07:32', '2014-05-09 07:07:32', 1),
(499, '127.0.0.1', 'http://localpropertybutler.com/test.html', 56, NULL, NULL, NULL, NULL, '2014-05-09 07:07:32', '2014-05-09 07:07:32', 1),
(500, '127.0.0.1', 'http://localpropertybutler.com/test.html', 57, NULL, NULL, NULL, NULL, '2014-05-09 07:07:32', '2014-05-09 07:07:32', 1),
(501, '127.0.0.1', 'http://localpropertybutler.com/test.html', 58, NULL, NULL, NULL, NULL, '2014-05-09 07:07:32', '2014-05-09 07:07:32', 1),
(502, '127.0.0.1', 'http://localpropertybutler.com/test.html', 59, NULL, NULL, NULL, NULL, '2014-05-09 07:07:32', '2014-05-09 07:07:32', 1),
(503, '127.0.0.1', 'http://localpropertybutler.com/test.html', 60, NULL, NULL, NULL, NULL, '2014-05-09 07:07:32', '2014-05-09 07:07:32', 1),
(504, '127.0.0.1', 'http://localpropertybutler.com/test.html', 61, NULL, NULL, NULL, NULL, '2014-05-09 07:07:32', '2014-05-09 07:07:32', 1),
(505, '127.0.0.1', 'http://localpropertybutler.com/test.html', 62, NULL, NULL, NULL, NULL, '2014-05-09 07:07:32', '2014-05-09 07:07:32', 1),
(506, '127.0.0.1', 'http://localpropertybutler.com/test.html', 63, NULL, NULL, NULL, NULL, '2014-05-09 07:07:32', '2014-05-09 07:07:32', 1),
(507, '127.0.0.1', 'http://localpropertybutler.com/test.html', 64, NULL, NULL, NULL, NULL, '2014-05-09 07:07:32', '2014-05-09 07:07:32', 1),
(508, '127.0.0.1', 'http://localpropertybutler.com/test.html', 65, NULL, NULL, NULL, NULL, '2014-05-09 07:07:32', '2014-05-09 07:07:32', 1),
(509, '127.0.0.1', 'http://localpropertybutler.com/test.html', 66, NULL, NULL, NULL, NULL, '2014-05-09 07:07:32', '2014-05-09 07:07:32', 1),
(510, '127.0.0.1', 'http://localpropertybutler.com/test.html', 67, NULL, NULL, NULL, NULL, '2014-05-09 07:07:32', '2014-05-09 07:07:32', 1),
(511, '127.0.0.1', 'http://localpropertybutler.com/test.html', 68, NULL, NULL, NULL, NULL, '2014-05-09 07:07:32', '2014-05-09 07:07:32', 1),
(512, '127.0.0.1', 'http://localpropertybutler.com/test.html', 69, NULL, NULL, NULL, NULL, '2014-05-09 07:07:32', '2014-05-09 07:07:32', 1),
(513, '127.0.0.1', 'http://localpropertybutler.com/test.html', 70, NULL, NULL, NULL, NULL, '2014-05-09 07:07:32', '2014-05-09 07:07:32', 1),
(514, '127.0.0.1', 'http://localpropertybutler.com/test.html', 71, NULL, NULL, NULL, NULL, '2014-05-09 07:07:32', '2014-05-09 07:07:32', 1),
(515, '127.0.0.1', 'http://localpropertybutler.com/test.html', 72, NULL, NULL, NULL, NULL, '2014-05-09 07:07:32', '2014-05-09 07:07:32', 1),
(516, '127.0.0.1', 'http://localpropertybutler.com/test.html', 73, NULL, NULL, NULL, NULL, '2014-05-09 07:07:32', '2014-05-09 07:07:32', 1),
(517, '127.0.0.1', 'http://localpropertybutler.com/test.html', 74, NULL, NULL, NULL, NULL, '2014-05-09 07:07:32', '2014-05-09 07:07:32', 1),
(518, '127.0.0.1', 'http://localpropertybutler.com/test.html', 75, NULL, NULL, NULL, NULL, '2014-05-09 07:07:32', '2014-05-09 07:07:32', 1),
(519, '127.0.0.1', 'http://localpropertybutler.com/test.html', 76, NULL, NULL, NULL, NULL, '2014-05-09 07:07:32', '2014-05-09 07:07:32', 1),
(520, '127.0.0.1', 'http://localpropertybutler.com/test.html', 77, NULL, NULL, NULL, NULL, '2014-05-09 07:07:32', '2014-05-09 07:07:32', 1),
(521, '127.0.0.1', 'http://localpropertybutler.com/test.html', 78, NULL, NULL, NULL, NULL, '2014-05-09 07:07:32', '2014-05-09 07:07:32', 1),
(522, '127.0.0.1', 'http://localpropertybutler.com/test.html', 79, NULL, NULL, NULL, NULL, '2014-05-09 07:07:32', '2014-05-09 07:07:32', 1),
(523, '127.0.0.1', 'http://localpropertybutler.com/test.html', 80, NULL, NULL, NULL, NULL, '2014-05-09 07:07:32', '2014-05-09 07:07:32', 1),
(524, '127.0.0.1', 'http://localpropertybutler.com/test.html', 81, NULL, NULL, NULL, NULL, '2014-05-09 07:07:32', '2014-05-09 07:07:32', 1),
(525, '127.0.0.1', 'http://localpropertybutler.com/test.html', 82, NULL, NULL, NULL, NULL, '2014-05-09 07:07:32', '2014-05-09 07:07:32', 1),
(526, '127.0.0.1', 'http://localpropertybutler.com/test.html', 83, NULL, NULL, NULL, NULL, '2014-05-09 07:07:32', '2014-05-09 07:07:32', 1),
(527, '127.0.0.1', 'http://localpropertybutler.com/test.html', 84, NULL, NULL, NULL, NULL, '2014-05-09 07:07:32', '2014-05-09 07:07:32', 1),
(528, '127.0.0.1', 'http://localpropertybutler.com/test.html', 85, NULL, NULL, NULL, NULL, '2014-05-09 07:07:32', '2014-05-09 07:07:32', 1),
(529, '127.0.0.1', 'http://localpropertybutler.com/test.html', 86, NULL, NULL, NULL, NULL, '2014-05-09 07:07:32', '2014-05-09 07:07:32', 1),
(530, '127.0.0.1', 'http://localpropertybutler.com/test.html', 87, NULL, NULL, NULL, NULL, '2014-05-09 07:07:32', '2014-05-09 07:07:32', 1),
(531, '127.0.0.1', 'http://localpropertybutler.com/test.html', 88, NULL, NULL, NULL, NULL, '2014-05-09 07:07:32', '2014-05-09 07:07:32', 1),
(532, '127.0.0.1', 'http://localpropertybutler.com/test.html', 89, NULL, NULL, NULL, NULL, '2014-05-09 07:07:32', '2014-05-09 07:07:32', 1),
(533, '127.0.0.1', 'http://localpropertybutler.com/test.html', 90, NULL, NULL, NULL, NULL, '2014-05-09 07:07:32', '2014-05-09 07:07:32', 1),
(534, '127.0.0.1', 'http://localpropertybutler.com/test.html', 91, NULL, NULL, NULL, NULL, '2014-05-09 07:07:32', '2014-05-09 07:07:32', 1),
(535, '127.0.0.1', 'http://localpropertybutler.com/test.html', 92, NULL, NULL, NULL, NULL, '2014-05-09 07:07:32', '2014-05-09 07:07:32', 1),
(536, '127.0.0.1', 'http://localpropertybutler.com/test.html', 93, NULL, NULL, NULL, NULL, '2014-05-09 07:07:32', '2014-05-09 07:07:32', 1),
(537, '127.0.0.1', 'http://localpropertybutler.com/test.html', 94, NULL, NULL, NULL, NULL, '2014-05-09 07:07:32', '2014-05-09 07:07:32', 1),
(538, '127.0.0.1', 'http://localpropertybutler.com/test.html', 95, NULL, NULL, NULL, NULL, '2014-05-09 07:07:32', '2014-05-09 07:07:32', 1),
(539, '127.0.0.1', 'http://localpropertybutler.com/test.html', 96, NULL, NULL, NULL, NULL, '2014-05-09 07:07:32', '2014-05-09 07:07:32', 1),
(540, '127.0.0.1', 'http://localpropertybutler.com/test.html', 97, NULL, NULL, NULL, NULL, '2014-05-09 07:07:32', '2014-05-09 07:07:32', 1),
(541, '127.0.0.1', 'http://localpropertybutler.com/test.html', 98, NULL, NULL, NULL, NULL, '2014-05-09 07:07:32', '2014-05-09 07:07:32', 1),
(542, '127.0.0.1', 'http://localpropertybutler.com/test.html', 99, NULL, NULL, NULL, NULL, '2014-05-09 07:07:32', '2014-05-09 07:07:32', 1),
(543, '127.0.0.1', 'http://localpropertybutler.com/test.html', 100, NULL, NULL, NULL, NULL, '2014-05-09 07:07:32', '2014-05-09 07:07:32', 1),
(544, '127.0.0.1', 'http://localpropertybutler.com/test.html', 101, NULL, NULL, NULL, NULL, '2014-05-09 07:07:32', '2014-05-09 07:07:32', 1),
(545, '127.0.0.1', 'http://localpropertybutler.com/test.html', 102, NULL, NULL, NULL, NULL, '2014-05-09 07:07:32', '2014-05-09 07:07:32', 1),
(546, '127.0.0.1', 'http://localpropertybutler.com/test.html', 103, NULL, NULL, NULL, NULL, '2014-05-09 07:07:32', '2014-05-09 07:07:32', 1),
(547, '127.0.0.1', 'http://localpropertybutler.com/test.html', 104, NULL, NULL, NULL, NULL, '2014-05-09 07:07:32', '2014-05-09 07:07:32', 1),
(548, '127.0.0.1', 'http://localpropertybutler.com/test.html', 105, NULL, NULL, NULL, NULL, '2014-05-09 07:07:32', '2014-05-09 07:07:32', 1),
(549, '127.0.0.1', 'http://localpropertybutler.com/test.html', 106, NULL, NULL, NULL, NULL, '2014-05-09 07:07:32', '2014-05-09 07:07:32', 1),
(550, '127.0.0.1', 'http://localpropertybutler.com/test.html', 107, NULL, NULL, NULL, NULL, '2014-05-09 07:07:32', '2014-05-09 07:07:32', 1),
(551, '127.0.0.1', 'http://localpropertybutler.com/test.html', 108, NULL, NULL, NULL, NULL, '2014-05-09 07:07:32', '2014-05-09 07:07:32', 1),
(552, '127.0.0.1', 'http://localpropertybutler.com/test.html', 109, NULL, NULL, NULL, NULL, '2014-05-09 07:07:32', '2014-05-09 07:07:32', 1),
(553, '127.0.0.1', 'http://localpropertybutler.com/test.html', 110, NULL, NULL, NULL, NULL, '2014-05-09 07:07:32', '2014-05-09 07:07:32', 1),
(554, '127.0.0.1', 'http://localpropertybutler.com/test.html', 0, NULL, NULL, NULL, NULL, '2014-05-09 07:07:32', '2014-05-09 07:07:32', 1);

-- --------------------------------------------------------

--
-- Table structure for table `users`
--

CREATE TABLE IF NOT EXISTS `users` (
  `id` int(11) NOT NULL AUTO_INCREMENT,
  `group_id` int(11) NOT NULL,
  `parent_id` bigint(20) DEFAULT NULL,
  `hash_value` varchar(100) COLLATE utf8_unicode_ci DEFAULT NULL,
  `ip_address` varchar(20) COLLATE utf8_unicode_ci DEFAULT NULL,
  `username` varchar(60) COLLATE utf8_unicode_ci DEFAULT NULL,
  `name` varchar(255) COLLATE utf8_unicode_ci DEFAULT NULL,
  `password` varchar(255) COLLATE utf8_unicode_ci DEFAULT NULL,
  `email` varchar(255) COLLATE utf8_unicode_ci NOT NULL,
  `avatar` tinytext COLLATE utf8_unicode_ci COMMENT 'full url to avatar image file',
  `language` varchar(12) COLLATE utf8_unicode_ci DEFAULT NULL,
  `timezone` varchar(128) COLLATE utf8_unicode_ci DEFAULT NULL,
  `key` varchar(255) COLLATE utf8_unicode_ci DEFAULT NULL,
  `can_answer` tinyint(1) NOT NULL DEFAULT '1',
  `status` tinyint(1) NOT NULL DEFAULT '0',
  `created` datetime NOT NULL,
  `modified` datetime NOT NULL,
  `last_login` datetime NOT NULL DEFAULT '0000-00-00 00:00:00',
  PRIMARY KEY (`id`)
) ENGINE=InnoDB  DEFAULT CHARSET=utf8 COLLATE=utf8_unicode_ci AUTO_INCREMENT=17 ;

--
-- Dumping data for table `users`
--

INSERT INTO `users` (`id`, `group_id`, `parent_id`, `hash_value`, `ip_address`, `username`, `name`, `password`, `email`, `avatar`, `language`, `timezone`, `key`, `can_answer`, `status`, `created`, `modified`, `last_login`) VALUES
(1, 1, NULL, NULL, NULL, NULL, 'Admin', '79b436d9673e7da2242a9998fb72d50d0451c1fa', 'admin@admin.com', NULL, NULL, NULL, NULL, 1, 1, '2014-06-02 11:34:14', '2014-06-02 11:34:14', '0000-00-00 00:00:00'),
(2, 3, NULL, NULL, NULL, NULL, 'Member', 'd9f981656fa2ebeb5594e74d079367ace8620286', 'member@member.com', NULL, NULL, NULL, NULL, 1, 1, '2014-06-02 11:34:49', '2014-06-02 11:34:49', '0000-00-00 00:00:00'),
(3, 2, NULL, NULL, NULL, NULL, 'Client', 'c3e82dba7423583a4dcadca596ab06effb004720', 'client@client.com', NULL, NULL, NULL, NULL, 1, 1, '2014-06-02 11:35:13', '2014-06-27 04:11:24', '0000-00-00 00:00:00'),
(15, 3, 3, '7a592082a3cfe639e813ad944aad989f191adc68', NULL, NULL, NULL, 'e9bc16ed001ad294aa1d4b917233518121120419', 'gd.salvosa@gmail.com', NULL, NULL, NULL, NULL, 0, 1, '2014-06-18 09:04:09', '2014-06-27 10:44:52', '0000-00-00 00:00:00'),
(16, 3, 3, 'ff40ef679c9789244c155016d81b1b2ebb60c7e1', NULL, NULL, NULL, 'e9bc16ed001ad294aa1d4b917233518121120419', 'gd_salvosa@yahoo.com', NULL, NULL, NULL, NULL, 0, 1, '2014-06-27 05:01:29', '2014-06-27 10:51:37', '0000-00-00 00:00:00');

-- --------------------------------------------------------

--
-- Table structure for table `users_vitamins`
--

CREATE TABLE IF NOT EXISTS `users_vitamins` (
  `id` bigint(20) NOT NULL AUTO_INCREMENT,
  `user_id` bigint(20) NOT NULL,
  `vitamins_id` bigint(20) NOT NULL,
  `created` datetime NOT NULL,
  `modified` datetime NOT NULL,
  PRIMARY KEY (`id`)
) ENGINE=MyISAM DEFAULT CHARSET=latin1 AUTO_INCREMENT=1 ;

-- --------------------------------------------------------

--
-- Table structure for table `user_access_logs`
--

CREATE TABLE IF NOT EXISTS `user_access_logs` (
  `id` bigint(20) NOT NULL AUTO_INCREMENT,
  `user_id` bigint(20) NOT NULL,
  `ip_address` varchar(20) NOT NULL,
  `created` datetime NOT NULL,
  `modified` datetime NOT NULL,
  `status` tinyint(1) NOT NULL,
  PRIMARY KEY (`id`)
) ENGINE=MyISAM DEFAULT CHARSET=latin1 AUTO_INCREMENT=1 ;

-- --------------------------------------------------------

--
-- Table structure for table `user_profiles`
--

CREATE TABLE IF NOT EXISTS `user_profiles` (
  `id` bigint(20) NOT NULL AUTO_INCREMENT,
  `user_id` bigint(20) NOT NULL,
  `first_name` varchar(60) DEFAULT NULL,
  `middle_name` varchar(60) DEFAULT NULL,
  `last_name` varchar(60) DEFAULT NULL,
  `birthday` date DEFAULT NULL,
  `address` text,
  `nationality` varchar(60) DEFAULT NULL,
  `zip` varchar(10) DEFAULT NULL,
  `age` int(5) DEFAULT NULL,
  `gender` varchar(10) DEFAULT NULL,
  `created` datetime NOT NULL,
  `modified` datetime NOT NULL,
  `status` tinyint(1) NOT NULL,
  PRIMARY KEY (`id`)
) ENGINE=MyISAM  DEFAULT CHARSET=latin1 AUTO_INCREMENT=8 ;

--
-- Dumping data for table `user_profiles`
--

INSERT INTO `user_profiles` (`id`, `user_id`, `first_name`, `middle_name`, `last_name`, `birthday`, `address`, `nationality`, `zip`, `age`, `gender`, `created`, `modified`, `status`) VALUES
(1, 16, 'Testname', 'Testmiddle', 'Testlast', '2014-06-17', '123456790', 'Filipino', '', 12, 'male', '2014-06-27 05:01:30', '2014-06-27 10:44:42', 0),
(7, 15, 'Glenn', 'Denila', 'Salvosa', '2014-06-27', '3043 Loro St. Rhoda Subd.', 'Filipino', '4030', 24, 'female', '2014-06-27 06:46:54', '2014-06-27 10:44:52', 0);

-- --------------------------------------------------------

--
-- Table structure for table `vitamins`
--

CREATE TABLE IF NOT EXISTS `vitamins` (
  `id` bigint(20) NOT NULL AUTO_INCREMENT,
  `vitamin_name` varchar(60) NOT NULL,
  `description` text NOT NULL,
  `benefits` text NOT NULL,
  `origin_country` bigint(5) NOT NULL,
  `manufacturer` varchar(180) NOT NULL,
  `distributor` int(180) NOT NULL,
  `created` datetime NOT NULL,
  `modified` datetime NOT NULL,
  `status` tinyint(1) NOT NULL,
  PRIMARY KEY (`id`)
) ENGINE=MyISAM DEFAULT CHARSET=latin1 AUTO_INCREMENT=1 ;

-- --------------------------------------------------------

--
-- Table structure for table `widgets`
--

CREATE TABLE IF NOT EXISTS `widgets` (
  `id` bigint(20) NOT NULL AUTO_INCREMENT,
  `name` varchar(100) DEFAULT NULL,
  `template_id` bigint(20) DEFAULT NULL,
  `hosted_url` varchar(100) DEFAULT NULL,
  `created` datetime DEFAULT NULL,
  `modified` datetime DEFAULT NULL,
  `status` tinyint(1) DEFAULT '1',
  PRIMARY KEY (`id`)
) ENGINE=InnoDB DEFAULT CHARSET=latin1 AUTO_INCREMENT=1 ;

/*!40101 SET CHARACTER_SET_CLIENT=@OLD_CHARACTER_SET_CLIENT */;
/*!40101 SET CHARACTER_SET_RESULTS=@OLD_CHARACTER_SET_RESULTS */;
/*!40101 SET COLLATION_CONNECTION=@OLD_COLLATION_CONNECTION */;
